DPTO_NORM,NOMBRE_CARRERA,MODALIDAD,AREA_FRASCATI,AREA_ESTRATEGICA,EJES_ESTRATEGICOS
ALTO PARANA,ANESTESIOLOGIA,PRESENCIAL,Ciencias Medicas y Salud,SIN_CLASIFICAR,
ALTO PARANA,ARTES VISUALES,PRESENCIAL,Humanidades,SIN_CLASIFICAR,
ALTO PARANA,ASISTENCIA Y RESPONSABILIDAD SOCIAL,PRESENCIAL,,SIN_CLASIFICAR,
ALTO PARANA,ASISTENTE DENTAL,PRESENCIAL,,SIN_CLASIFICAR,
ALTO PARANA,"CAPACITACIÓN ""APRENDIZAJE A LO LARGO DE LA VIDA""",PRESENCIAL,,SIN_CLASIFICAR,
ALTO PARANA,CIENCIAS AGRARIAS,PRESENCIAL,Ciencias Agricolas,SIN_CLASIFICAR,
ALTO PARANA,CIENCIAS DE LA COMUNICACION,PRESENCIAL,Ciencias Sociales,SIN_CLASIFICAR,
ALTO PARANA,CIENCIAS DE LA COMUNICACION,PRESENCIAL,Ciencias Sociales,SIN_CLASIFICAR,
ALTO PARANA,CIENCIAS DE LA COMUNICACION Y PERIODISMO,PRESENCIAL,Ciencias Sociales,SIN_CLASIFICAR,
ALTO PARANA,CIENCIAS POLITICAS,PRESENCIAL,,SIN_CLASIFICAR,
ALTO PARANA,CIENCIAS POLITICAS,PRESENCIAL,,SIN_CLASIFICAR,
ALTO PARANA,CIENCIAS SOCIALES,PRESENCIAL,,SIN_CLASIFICAR,
ALTO PARANA,CIENCIAS SOCIALES,PRESENCIAL,,SIN_CLASIFICAR,
ALTO PARANA,CIENCIAS SOCIALES,PRESENCIAL,,SIN_CLASIFICAR,
ALTO PARANA,CIENCIAS SOCIALES,PRESENCIAL,,SIN_CLASIFICAR,
ALTO PARANA,CIENCIAS SOCIALES,PRESENCIAL,,SIN_CLASIFICAR,
ALTO PARANA,CIRUGIA GENERAL,PRESENCIAL,Ciencias Medicas y Salud,SIN_CLASIFICAR,
ALTO PARANA,CIRUGIA ORTOPEDICA Y TRAUMATOLOGIA DE PIE Y TOBILLO,PRESENCIAL,Ciencias Medicas y Salud,SIN_CLASIFICAR,
ALTO PARANA,CLINICA PEDIATRICA,PRESENCIAL,Ciencias Medicas y Salud,SIN_CLASIFICAR,
ALTO PARANA,COMUNICACION PARA EL DESARROLLO,PRESENCIAL,Ciencias Sociales,SIN_CLASIFICAR,
ALTO PARANA,COMUNICACION PARA EL DESARROLLO,PRESENCIAL,Ciencias Sociales,SIN_CLASIFICAR,
ALTO PARANA,COMUNICACIÓN Y GESTIÓN,PRESENCIAL,Ciencias Sociales,SIN_CLASIFICAR,
ALTO PARANA,CUIDADOS INTENSIVOS DEL ADULTO,PRESENCIAL,,SIN_CLASIFICAR,
ALTO PARANA,DANZA,PRESENCIAL,Humanidades,SIN_CLASIFICAR,
ALTO PARANA,"DEFENSA, DESARROLLO Y PLANIFICACIÓN ESTRATÉGICA NACIONAL",PRESENCIAL,,SIN_CLASIFICAR,
ALTO PARANA,DIAGNOSTICO POR IMAGENES,PRESENCIAL,Ciencias Medicas y Salud,SIN_CLASIFICAR,
ALTO PARANA,DISEÑO DE MODAS,PRESENCIAL,Humanidades,SIN_CLASIFICAR,
ALTO PARANA,DISEÑO DE MODAS,PRESENCIAL,Humanidades,SIN_CLASIFICAR,
ALTO PARANA,DISEÑO DE MODAS,PRESENCIAL,Humanidades,SIN_CLASIFICAR,
ALTO PARANA,DISEÑO DE MODAS,PRESENCIAL,Humanidades,SIN_CLASIFICAR,
ALTO PARANA,ENDODONCIA,PRESENCIAL,Ciencias Medicas y Salud,SIN_CLASIFICAR,
ALTO PARANA,ENDODONCIA,PRESENCIAL,Ciencias Medicas y Salud,SIN_CLASIFICAR,
ALTO PARANA,ENDODONCIA,PRESENCIAL,Ciencias Medicas y Salud,SIN_CLASIFICAR,
ALTO PARANA,ENDODONCIA,PRESENCIAL,Ciencias Medicas y Salud,SIN_CLASIFICAR,
ALTO PARANA,ENDODONCIA,PRESENCIAL,Ciencias Medicas y Salud,SIN_CLASIFICAR,
ALTO PARANA,ENTRENAMIENTO DE FUERZA Y ACONDICIONAMIENTO FISICO,PRESENCIAL,Ciencias Naturales,SIN_CLASIFICAR,
ALTO PARANA,ESTADISTICA,PRESENCIAL,Ciencias Naturales,SIN_CLASIFICAR,
ALTO PARANA,FILOSOFIA,PRESENCIAL,Humanidades,SIN_CLASIFICAR,
ALTO PARANA,GERENCIAMIENTO DEPORTIVO,PRESENCIAL,Ciencias Sociales,SIN_CLASIFICAR,
ALTO PARANA,GESTION DE PROYECTOS,PRESENCIAL,Ciencias Sociales,SIN_CLASIFICAR,
ALTO PARANA,GESTION DEPORTIVA,PRESENCIAL,,SIN_CLASIFICAR,
ALTO PARANA,GESTION DEPORTIVA,PRESENCIAL,,SIN_CLASIFICAR,
ALTO PARANA,GESTION DEPORTIVA EN FUTBOL DE CAMPO,PRESENCIAL,,SIN_CLASIFICAR,
ALTO PARANA,GESTION Y LIDERAZGO UNIVERSITARIO,PRESENCIAL,Ciencias Sociales,SIN_CLASIFICAR,
ALTO PARANA,GESTION Y POLITICA UNIVERSITARIA,PRESENCIAL,Ciencias Sociales,SIN_CLASIFICAR,
ALTO PARANA,GESTIÓN AGRARIA,PRESENCIAL,Ciencias Sociales,SIN_CLASIFICAR,
ALTO PARANA,HEMATOLOGIA DIAGNOSTICA,PRESENCIAL,,SIN_CLASIFICAR,
ALTO PARANA,HISTORIA,PRESENCIAL,Humanidades,SIN_CLASIFICAR,
ALTO PARANA,HISTORIA,PRESENCIAL,Humanidades,SIN_CLASIFICAR,
ALTO PARANA,HISTORIA DEL PARAGUAY,PRESENCIAL,Humanidades,SIN_CLASIFICAR,
ALTO PARANA,HISTORIA DEL PARAGUAY,PRESENCIAL,Humanidades,SIN_CLASIFICAR,
ALTO PARANA,IMAGEN Y ESTILO PARA MUJERES,PRESENCIAL,,SIN_CLASIFICAR,
ALTO PARANA,IMAGEN Y ESTILO PARA MUJERES,PRESENCIAL,,SIN_CLASIFICAR,
ALTO PARANA,IMPLANTES,PRESENCIAL,Ciencias Medicas y Salud,SIN_CLASIFICAR,
ALTO PARANA,IMPLANTES DENTALES,PRESENCIAL,Ciencias Medicas y Salud,SIN_CLASIFICAR,
ALTO PARANA,IMPLANTOLOGIA ORAL,PRESENCIAL,Ciencias Medicas y Salud,SIN_CLASIFICAR,
ALTO PARANA,INTELIGENCIA ESTRATEGICA,PRESENCIAL,,SIN_CLASIFICAR,
ALTO PARANA,INVESTIGACION CIENTIFICA,PRESENCIAL,Ciencias Sociales,SIN_CLASIFICAR,
ALTO PARANA,INVESTIGACION CIENTIFICA,PRESENCIAL,Ciencias Sociales,SIN_CLASIFICAR,
ALTO PARANA,INVESTIGACION CIENTIFICA,PRESENCIAL,Ciencias Sociales,SIN_CLASIFICAR,
ALTO PARANA,LENGUA GUARANI,PRESENCIAL,Humanidades,SIN_CLASIFICAR,
ALTO PARANA,LETRAS,PRESENCIAL,Humanidades,SIN_CLASIFICAR,
ALTO PARANA,LICENCIATURA EN MATEMÁTICA,PRESENCIAL,Ciencias Naturales,SIN_CLASIFICAR,
ALTO PARANA,LIFE COACHING PARA MUJERES,PRESENCIAL,,SIN_CLASIFICAR,
ALTO PARANA,LIFE COACHING PARA MUJERES,PRESENCIAL,,SIN_CLASIFICAR,
ALTO PARANA,LITERATURA HISPANOAMERICANA,PRESENCIAL,Humanidades,SIN_CLASIFICAR,
ALTO PARANA,LITERATURA PARAGUAYA,PRESENCIAL,Humanidades,SIN_CLASIFICAR,
ALTO PARANA,LOCUCION RADIAL Y TELEVISIVA,PRESENCIAL,,SIN_CLASIFICAR,
ALTO PARANA,MATEMATICA,PRESENCIAL,Ciencias Naturales,SIN_CLASIFICAR,
ALTO PARANA,MATEMATICA,PRESENCIAL,Ciencias Naturales,SIN_CLASIFICAR,
ALTO PARANA,MATEMATICA,PRESENCIAL,Ciencias Naturales,SIN_CLASIFICAR,
ALTO PARANA,MATEMATICA,PRESENCIAL,Ciencias Naturales,SIN_CLASIFICAR,
ALTO PARANA,MATEMATICA,PRESENCIAL,Ciencias Naturales,SIN_CLASIFICAR,
ALTO PARANA,MATEMATICA,PRESENCIAL,Ciencias Naturales,SIN_CLASIFICAR,
ALTO PARANA,MATEMATICA,PRESENCIAL,Ciencias Naturales,SIN_CLASIFICAR,
ALTO PARANA,MATEMATICA,PRESENCIAL,Ciencias Naturales,SIN_CLASIFICAR,
ALTO PARANA,MATEMATICA,PRESENCIAL,Ciencias Naturales,SIN_CLASIFICAR,
ALTO PARANA,MEDIACION,PRESENCIAL,Ciencias Sociales,SIN_CLASIFICAR,
ALTO PARANA,MEDIACION,PRESENCIAL,Ciencias Sociales,SIN_CLASIFICAR,
ALTO PARANA,MEDIACION Y RESOLUCION DE CONFLICTOS,SEMIPRESENCIAL_DISTANCIA,Ciencias Sociales,SIN_CLASIFICAR,
ALTO PARANA,MEDIACION Y RESOLUCION DE CONFLICTOS,SEMIPRESENCIAL_DISTANCIA,Ciencias Sociales,SIN_CLASIFICAR,
ALTO PARANA,MEDIACION Y RESOLUCION DE CONFLICTOS,PRESENCIAL,Ciencias Sociales,SIN_CLASIFICAR,
ALTO PARANA,METODOLOGIA DE LA INVESTIGACION,PRESENCIAL,Ciencias Sociales,SIN_CLASIFICAR,
ALTO PARANA,METODOLOGIA DE LA INVESTIGACION,PRESENCIAL,Ciencias Sociales,SIN_CLASIFICAR,
ALTO PARANA,METODOLOGÍA DE LA INVESTIGACIÓN CIENTIFICA,PRESENCIAL,Ciencias Sociales,SIN_CLASIFICAR,
ALTO PARANA,METODOS DE INVESTIGACION Y TECNICAS DE ANALISIS,PRESENCIAL,,SIN_CLASIFICAR,
ALTO PARANA,MOTIVACION,PRESENCIAL,,SIN_CLASIFICAR,
ALTO PARANA,MOTIVACION,PRESENCIAL,,SIN_CLASIFICAR,
ALTO PARANA,MUSICA,PRESENCIAL,Humanidades,SIN_CLASIFICAR,
ALTO PARANA,OPERATORIA DENTAL,PRESENCIAL,Ciencias Medicas y Salud,SIN_CLASIFICAR,
ALTO PARANA,OPERATORIA DENTAL,PRESENCIAL,Ciencias Medicas y Salud,SIN_CLASIFICAR,
ALTO PARANA,ORATORIA PARA EGRESADOS SECUNDARIOS,PRESENCIAL,,SIN_CLASIFICAR,
ALTO PARANA,ORATORIA PARA EGRESADOS SECUNDARIOS,PRESENCIAL,,SIN_CLASIFICAR,
ALTO PARANA,ORGANIZACION Y GESTION DE MIPYMES,PRESENCIAL,,SIN_CLASIFICAR,
ALTO PARANA,ORGANIZACION Y GESTION DE MIPYMES,PRESENCIAL,,SIN_CLASIFICAR,
ALTO PARANA,PEDIATRIA,PRESENCIAL,Ciencias Medicas y Salud,SIN_CLASIFICAR,
ALTO PARANA,PERIODISMO,PRESENCIAL,,SIN_CLASIFICAR,
ALTO PARANA,PERIODISMO,PRESENCIAL,,SIN_CLASIFICAR,
ALTO PARANA,PLANIFICACION ESTRATEGICA NACIONAL,PRESENCIAL,,SIN_CLASIFICAR,
ALTO PARANA,PLANIFICACION Y CONDUCCION ESTRATEGICA NACIONAL,PRESENCIAL,,SIN_CLASIFICAR,
ALTO PARANA,PREPARACION FISICA DEPORTIVA,PRESENCIAL,Ciencias Naturales,SIN_CLASIFICAR,
ALTO PARANA,PREVENCIÓN Y SEGURIDAD,PRESENCIAL,,SIN_CLASIFICAR,
ALTO PARANA,PREVENCIÓN Y SEGURIDAD,PRESENCIAL,,SIN_CLASIFICAR,
ALTO PARANA,PREVENCIÓN Y SEGURIDAD,PRESENCIAL,,SIN_CLASIFICAR,
ALTO PARANA,"PROTOCOLO, CEREMONIAL Y ORGANIZACION DE ACTOS",PRESENCIAL,,SIN_CLASIFICAR,
ALTO PARANA,RELACIONES INTERNACIONALES,PRESENCIAL,,SIN_CLASIFICAR,
ALTO PARANA,SEGURIDAD E HIGIENE OCUPACIONAL,PRESENCIAL,,SIN_CLASIFICAR,
ALTO PARANA,SEGURIDAD E HIGIENE OCUPACIONAL,PRESENCIAL,,SIN_CLASIFICAR,
ALTO PARANA,SOCIOLOGIA,PRESENCIAL,,SIN_CLASIFICAR,
ALTO PARANA,TALLER DE ESCRITURA,PRESENCIAL,,SIN_CLASIFICAR,
ALTO PARANA,TALLER DE ESCRITURA,PRESENCIAL,,SIN_CLASIFICAR,
ALTO PARANA,TEATRO,PRESENCIAL,Humanidades,SIN_CLASIFICAR,
ALTO PARANA,TECNICAS Y PROCEDIMIENTOS PARALA ELABORACION Y TUTORIA DE TESIS,PRESENCIAL,Ciencias Sociales,SIN_CLASIFICAR,
ALTO PARANA,TEOLOGIA,PRESENCIAL,Humanidades,SIN_CLASIFICAR,
ALTO PARANA,TEOLOGIA,PRESENCIAL,Humanidades,SIN_CLASIFICAR,
ALTO PARANA,TEOLOGIA,PRESENCIAL,Humanidades,SIN_CLASIFICAR,
ALTO PARANA,Taller de protección integral a la mujer contra toda forma de violencia,PRESENCIAL,,SIN_CLASIFICAR,
AMAMBAY,"CAPACITACIÓN ""TÉCNICAS - TÁCTICAS Y REGLAS DEL FUTBOL DE CAMPO""",PRESENCIAL,Ciencias Sociales,SIN_CLASIFICAR,
AMAMBAY,"CAPACITACIÓN ""TÉCNICAS - TÁCTICAS Y REGLAS DEL FUTBOL DE CAMPO""",PRESENCIAL,Ciencias Sociales,SIN_CLASIFICAR,
AMAMBAY,GESTION DEPORTIVA,PRESENCIAL,,SIN_CLASIFICAR,
AMAMBAY,MATEMATICA,PRESENCIAL,Ciencias Naturales,SIN_CLASIFICAR,
AMAMBAY,MATEMATICA,PRESENCIAL,Ciencias Naturales,SIN_CLASIFICAR,
AMAMBAY,MATEMATICA,PRESENCIAL,Ciencias Naturales,SIN_CLASIFICAR,
AMAMBAY,RESTAURACIÓN,PRESENCIAL,,SIN_CLASIFICAR,
AMAMBAY,Taller de protección integral a la mujer contra toda forma de violencia,PRESENCIAL,,SIN_CLASIFICAR,
AMAMBAY,USO DE LA PLATAFORMA MOODLE,PRESENCIAL,Ciencias Sociales,SIN_CLASIFICAR,
ASUNCION,ACTUALIZACIÓN EN ASESORAMIENTO A GRUPOS JUVENILES,PRESENCIAL,,SIN_CLASIFICAR,
ASUNCION,ALIANZAS PUBLICAS Y PRIVADAS,PRESENCIAL,,SIN_CLASIFICAR,
ASUNCION,ANALISIS DE INTELIGENCIA MILITAR,PRESENCIAL,,SIN_CLASIFICAR,
ASUNCION,"ANESTESIA, ANALGESIA Y REANIMACION",PRESENCIAL,Ciencias Medicas y Salud,SIN_CLASIFICAR,
ASUNCION,ANESTESIOLOGIA Y REANIMACION,PRESENCIAL,Ciencias Medicas y Salud,SIN_CLASIFICAR,
ASUNCION,ANTROPOLOGIA,PRESENCIAL,,SIN_CLASIFICAR,
ASUNCION,ANTROPOLOGIA,PRESENCIAL,,SIN_CLASIFICAR,
ASUNCION,ANTROPOLOGIA SOCIAL,PRESENCIAL,,SIN_CLASIFICAR,
ASUNCION,ARTE TEATRAL,PRESENCIAL,Humanidades,SIN_CLASIFICAR,
ASUNCION,ARTES PLASTICAS,PRESENCIAL,Humanidades,SIN_CLASIFICAR,
ASUNCION,ARTES PLASTICAS,PRESENCIAL,Humanidades,SIN_CLASIFICAR,
ASUNCION,ARTES VISUALES,PRESENCIAL,Humanidades,SIN_CLASIFICAR,
ASUNCION,ASISTENCIA DENTAL,PRESENCIAL,,SIN_CLASIFICAR,
ASUNCION,ASISTENCIA DEPORTIVA,PRESENCIAL,,SIN_CLASIFICAR,
ASUNCION,ASUNTOS PUBLICOS Y GOBERNABILIDAD,PRESENCIAL,Ciencias Sociales,SIN_CLASIFICAR,
ASUNCION,ATENCION INTEGRAL TEMPRANA,PRESENCIAL,,SIN_CLASIFICAR,
ASUNCION,AUDIOVISUALES,PRESENCIAL,,SIN_CLASIFICAR,
ASUNCION,Aprendamos a ser excelentes en EPJA,PRESENCIAL,,SIN_CLASIFICAR,
ASUNCION,Arandu kyre´yme,PRESENCIAL,,SIN_CLASIFICAR,
ASUNCION,BASQUETBOL,PRESENCIAL,,SIN_CLASIFICAR,
ASUNCION,BASQUETBOL,PRESENCIAL,,SIN_CLASIFICAR,
ASUNCION,BASQUETBOL,PRESENCIAL,,SIN_CLASIFICAR,
ASUNCION,BASQUETBOL,PRESENCIAL,,SIN_CLASIFICAR,
ASUNCION,BASQUETBOL,PRESENCIAL,,SIN_CLASIFICAR,
ASUNCION,BASQUETBOL,PRESENCIAL,,SIN_CLASIFICAR,
ASUNCION,"CAPACITACION A DISTANCIA METODOS,TECNICAS Y ENSEÑANZAS DE EVALUACION",SEMIPRESENCIAL_DISTANCIA,,SIN_CLASIFICAR,
ASUNCION,"CAPACITACIÒN ""RECURSOS PARA EL ABORDAJE DEL DESARROLLO PSICOMOTOR EN EL AULA""",PRESENCIAL,,SIN_CLASIFICAR,
ASUNCION,"CAPACITACIÓN ""AMPLIANDO CONOCIMIENTOS EN EL CENTRO Nº 6""",PRESENCIAL,,SIN_CLASIFICAR,
ASUNCION,"CAPACITACIÓN ""COMPARTIENDO NUEVAS EXPERIENCIAS EN LA EPJA""",PRESENCIAL,,SIN_CLASIFICAR,
ASUNCION,"CAPACITACIÓN ""OÑONDIVEPA IKATU""",PRESENCIAL,,SIN_CLASIFICAR,
ASUNCION,"CAPACITACIÓN ""TRABAJO COLABORATIVO EN EL ENTORNO DEL OFFICE 365""",PRESENCIAL,,SIN_CLASIFICAR,
ASUNCION,"CAPACITACIÓN ""TUTORÍA VIRTUAL""",PRESENCIAL,,SIN_CLASIFICAR,
ASUNCION,"CAPACITACIÓN ""TUTORÍA VIRTUAL""",VIRTUAL,,SIN_CLASIFICAR,
ASUNCION,"CAPACITACIÓN ""ÑANDE KATUPYRYVE HAGUA""",PRESENCIAL,,SIN_CLASIFICAR,
ASUNCION,CAPACITACIÓN EN MATEMÁTICA,PRESENCIAL,Ciencias Naturales,SIN_CLASIFICAR,
ASUNCION,CAPACITACIÓN PARA PROFESOR GUÍA,PRESENCIAL,,SIN_CLASIFICAR,
ASUNCION,CAPACITACIÓN PARA PROFESOR GUÍA,SEMIPRESENCIAL_DISTANCIA,,SIN_CLASIFICAR,
ASUNCION,CARDIOCIRUGIA,PRESENCIAL,Ciencias Medicas y Salud,SIN_CLASIFICAR,
ASUNCION,"CEREMONIAL, PROTOCOLO Y ORGANIZACION DE ACTOS",PRESENCIAL,,SIN_CLASIFICAR,
ASUNCION,CIENCIA PASTORAL,PRESENCIAL,Humanidades,SIN_CLASIFICAR,
ASUNCION,CIENCIA PASTORAL,PRESENCIAL,Humanidades,SIN_CLASIFICAR,
ASUNCION,CIENCIAS ACTUARIALES,PRESENCIAL,Ciencias Sociales,SIN_CLASIFICAR,
ASUNCION,CIENCIAS AGRARIAS,PRESENCIAL,Ciencias Agricolas,SIN_CLASIFICAR,
ASUNCION,CIENCIAS BIOLOGICAS,PRESENCIAL,Ciencias Medicas y Salud,SIN_CLASIFICAR,
ASUNCION,CIENCIAS DE LA COMUNICACION,SEMIPRESENCIAL_DISTANCIA,Ciencias Sociales,SIN_CLASIFICAR,
ASUNCION,CIENCIAS DE LA COMUNICACION,PRESENCIAL,Ciencias Sociales,SIN_CLASIFICAR,
ASUNCION,CIENCIAS DE LA COMUNICACION,PRESENCIAL,Ciencias Sociales,SIN_CLASIFICAR,
ASUNCION,CIENCIAS DE LA COMUNICACION,PRESENCIAL,Ciencias Sociales,SIN_CLASIFICAR,
ASUNCION,CIENCIAS DE LA COMUNICACION,PRESENCIAL,Ciencias Sociales,SIN_CLASIFICAR,
ASUNCION,CIENCIAS DE LA COMUNICACION,PRESENCIAL,Ciencias Sociales,SIN_CLASIFICAR,
ASUNCION,CIENCIAS DE LA COMUNICACION,PRESENCIAL,Ciencias Sociales,SIN_CLASIFICAR,
ASUNCION,CIENCIAS DE LA COMUNICACION,PRESENCIAL,Ciencias Sociales,SIN_CLASIFICAR,
ASUNCION,CIENCIAS DE LA COMUNICACION,PRESENCIAL,Ciencias Sociales,SIN_CLASIFICAR,
ASUNCION,CIENCIAS DE LA COMUNICACION,PRESENCIAL,Ciencias Sociales,SIN_CLASIFICAR,
ASUNCION,CIENCIAS DE LA COMUNICACION,PRESENCIAL,Ciencias Sociales,SIN_CLASIFICAR,
ASUNCION,CIENCIAS DE LA COMUNICACION,PRESENCIAL,Ciencias Sociales,SIN_CLASIFICAR,
ASUNCION,CIENCIAS DE LA COMUNICACION,PRESENCIAL,Ciencias Sociales,SIN_CLASIFICAR,
ASUNCION,CIENCIAS DE LA COMUNICACION Y PERIODISMO,PRESENCIAL,Ciencias Sociales,SIN_CLASIFICAR,
ASUNCION,CIENCIAS DE LA INVESTIGACIÓN CIENTÍFICA,PRESENCIAL,Ciencias Sociales,SIN_CLASIFICAR,
ASUNCION,CIENCIAS DEL DEPORTE,PRESENCIAL,,SIN_CLASIFICAR,
ASUNCION,CIENCIAS DEL DEPORTE,PRESENCIAL,,SIN_CLASIFICAR,
ASUNCION,CIENCIAS DEL DEPORTE,PRESENCIAL,,SIN_CLASIFICAR,
ASUNCION,CIENCIAS DEL LENGUAJE,PRESENCIAL,Humanidades,SIN_CLASIFICAR,
ASUNCION,CIENCIAS DEL MOVIMIENTO HUMANO,PRESENCIAL,Ingenieria y Tecnologia,SIN_CLASIFICAR,
ASUNCION,CIENCIAS DEL MOVIMIENTO HUMANO Y DEL DEPORTE,PRESENCIAL,,SIN_CLASIFICAR,
ASUNCION,CIENCIAS DIPLOMÁTICAS,PRESENCIAL,Ciencias Sociales,SIN_CLASIFICAR,
ASUNCION,CIENCIAS EMPRESARIALES,PRESENCIAL,Ciencias Sociales,SIN_CLASIFICAR,
ASUNCION,CIENCIAS MILITARES,PRESENCIAL,,SIN_CLASIFICAR,
ASUNCION,CIENCIAS PASTORALES,PRESENCIAL,Humanidades,SIN_CLASIFICAR,
ASUNCION,CIENCIAS POLITICAS,PRESENCIAL,,SIN_CLASIFICAR,
ASUNCION,CIENCIAS POLITICAS,PRESENCIAL,,SIN_CLASIFICAR,
ASUNCION,CIENCIAS POLITICAS,PRESENCIAL,,SIN_CLASIFICAR,
ASUNCION,CIENCIAS POLITICAS,PRESENCIAL,,SIN_CLASIFICAR,
ASUNCION,CIENCIAS POLITICAS,PRESENCIAL,,SIN_CLASIFICAR,
ASUNCION,CIENCIAS POLITICAS Y RELACIONES INTERNACIONALES,SEMIPRESENCIAL_DISTANCIA,,SIN_CLASIFICAR,
ASUNCION,CIENCIAS POLITICAS Y SOCIALES,PRESENCIAL,,SIN_CLASIFICAR,
ASUNCION,CIENCIAS POLITICAS Y SOCIALES,PRESENCIAL,,SIN_CLASIFICAR,
ASUNCION,CIENCIAS POLITICAS Y SOCIALES,PRESENCIAL,,SIN_CLASIFICAR,
ASUNCION,CIENCIAS POLITICAS Y SOCIALES,SEMIPRESENCIAL_DISTANCIA,,SIN_CLASIFICAR,
ASUNCION,CIENCIAS RELIGIOSAS,PRESENCIAL,Humanidades,SIN_CLASIFICAR,
ASUNCION,CIENCIAS SOCIALES,PRESENCIAL,,SIN_CLASIFICAR,
ASUNCION,CIENCIAS SOCIALES,PRESENCIAL,,SIN_CLASIFICAR,
ASUNCION,CIENCIAS SOCIALES,PRESENCIAL,,SIN_CLASIFICAR,
ASUNCION,CIENCIAS SOCIALES,PRESENCIAL,,SIN_CLASIFICAR,
ASUNCION,CIENCIAS SOCIALES,PRESENCIAL,,SIN_CLASIFICAR,
ASUNCION,CIENCIAS SOCIALES,PRESENCIAL,,SIN_CLASIFICAR,
ASUNCION,CIENCIAS SOCIALES,PRESENCIAL,,SIN_CLASIFICAR,
ASUNCION,CIENCIAS SOCIALES,PRESENCIAL,,SIN_CLASIFICAR,
ASUNCION,CIENCIAS SOCIALES,PRESENCIAL,,SIN_CLASIFICAR,
ASUNCION,CIENCIAS SOCIALES Y POLITICAS,PRESENCIAL,,SIN_CLASIFICAR,
ASUNCION,CINEMATOGRAFIA,PRESENCIAL,Humanidades,SIN_CLASIFICAR,
ASUNCION,CIRUGIA,PRESENCIAL,Ciencias Medicas y Salud,SIN_CLASIFICAR,
ASUNCION,CIRUGIA GENERAL,PRESENCIAL,Ciencias Medicas y Salud,SIN_CLASIFICAR,
ASUNCION,CIRUGIA GENERAL,PRESENCIAL,Ciencias Medicas y Salud,SIN_CLASIFICAR,
ASUNCION,CIRUGIA ORTOPEDICA Y TRAUMATOLOGIA DE PIE Y TOBILLO,PRESENCIAL,Ciencias Medicas y Salud,SIN_CLASIFICAR,
ASUNCION,CIRUGÍA DE CADERA Y PELVIS,PRESENCIAL,Ciencias Medicas y Salud,SIN_CLASIFICAR,
ASUNCION,CIUDADES INTELIGENTES,SEMIPRESENCIAL_DISTANCIA,Ingenieria y Tecnologia,SIN_CLASIFICAR,
ASUNCION,COMUNICACION AUDIOVISUAL,PRESENCIAL,Ciencias Sociales,SIN_CLASIFICAR,
ASUNCION,COMUNICACION AUDIOVISUAL,PRESENCIAL,Ciencias Sociales,SIN_CLASIFICAR,
ASUNCION,COMUNICACION AUDIOVISUAL,PRESENCIAL,Ciencias Sociales,SIN_CLASIFICAR,
ASUNCION,COMUNICACION INSTITUCIONAL,PRESENCIAL,Ciencias Sociales,SIN_CLASIFICAR,
ASUNCION,COMUNICACION SOCIAL,PRESENCIAL,Ciencias Sociales,SIN_CLASIFICAR,
ASUNCION,COMUNICACION Y DE RELACIONES PARA LA ATENCION A LA CIUDADANIA EN EL ESTADO,PRESENCIAL,Ciencias Sociales,SIN_CLASIFICAR,
ASUNCION,"COMUNICACION Y GESTION DE CRISIS, GESTION PUBLICA Y DESARROLLO TERRITORIAL",PRESENCIAL,Ciencias Sociales,SIN_CLASIFICAR,
ASUNCION,CONSEJERIA PARA EL DESARROLLO PERSONAL,PRESENCIAL,,SIN_CLASIFICAR,
ASUNCION,CONSEJERIA PARA EL DESARROLLO PERSONAL,PRESENCIAL,,SIN_CLASIFICAR,
ASUNCION,CONSEJERIA PARA EL DESARROLLO PERSONAL,PRESENCIAL,,SIN_CLASIFICAR,
ASUNCION,CONSEJERIA PARA EL DESARROLLO PERSONAL,PRESENCIAL,,SIN_CLASIFICAR,
ASUNCION,CONSEJERIA PARA EL DESARROLLO PERSONAL,PRESENCIAL,,SIN_CLASIFICAR,
ASUNCION,CONSEJERIA PARA EL DESARROLLO PERSONAL,PRESENCIAL,,SIN_CLASIFICAR,
ASUNCION,CONSEJERIA PARA EL DESARROLLO PERSONAL,PRESENCIAL,,SIN_CLASIFICAR,
ASUNCION,CONSEJERIA PARA EL DESARROLLO PERSONAL,PRESENCIAL,,SIN_CLASIFICAR,
ASUNCION,CONTRATACIONES PUBLICAS,PRESENCIAL,Ciencias Sociales,SIN_CLASIFICAR,
ASUNCION,CONTRATACIONES PUBLICAS,PRESENCIAL,Ciencias Sociales,SIN_CLASIFICAR,
ASUNCION,CONTRATACIONES PÚBLICAS,PRESENCIAL,,SIN_CLASIFICAR,
ASUNCION,CUBIERTA,PRESENCIAL,,SIN_CLASIFICAR,
ASUNCION,CUBIERTA,PRESENCIAL,,SIN_CLASIFICAR,
ASUNCION,CUBIERTA,PRESENCIAL,,SIN_CLASIFICAR,
ASUNCION,CUBIERTA,PRESENCIAL,,SIN_CLASIFICAR,
ASUNCION,CUBIERTA,PRESENCIAL,,SIN_CLASIFICAR,
ASUNCION,CUBIERTA,PRESENCIAL,,SIN_CLASIFICAR,
ASUNCION,CUBIERTA,PRESENCIAL,,SIN_CLASIFICAR,
ASUNCION,"CURSO DE CAPACITACIÓN ""AULA INVERTIDA""",PRESENCIAL,,SIN_CLASIFICAR,
ASUNCION,"CURSO DE CAPACITACIÓN ""CAMBIO CLIMÁTICO""",PRESENCIAL,,SIN_CLASIFICAR,
ASUNCION,CURSO DE CODIGO INTERNACIONAL PARA LA PROTECCION DE LOS BUQUES Y DE LAS INSTALACIONES PORTUARIAS,PRESENCIAL,,SIN_CLASIFICAR,
ASUNCION,CURSO DE CONTRAMAESTRE,PRESENCIAL,,SIN_CLASIFICAR,
ASUNCION,CURSO DE ESPECIALIZACION EN GESTION PUBLICA DE GOBIERNO LOCAL,PRESENCIAL,,SIN_CLASIFICAR,
ASUNCION,CURSO DE ESPECIALIZACION EN GESTION PUBLICA DE GOBIERNO LOCAL,PRESENCIAL,,SIN_CLASIFICAR,
ASUNCION,CURSO DE GESTION DE RIESGOS,PRESENCIAL,,SIN_CLASIFICAR,
ASUNCION,CURSO DE MODELO OMI 3.19 OFICIAL DE PROTECCION DE BUQUES - OPB,PRESENCIAL,,SIN_CLASIFICAR,
ASUNCION,CURSO DE MODELO OMI 3.20 OFICIAL DE LA COMPAÑIA PARA LA PROTECCION MARITIMA - OCPM,PRESENCIAL,,SIN_CLASIFICAR,
ASUNCION,CURSO DE MODELO OMI 3.21 OFICIAL DE PROTECCION A LA INSTALACION PORTUARIA - OPIP,PRESENCIAL,,SIN_CLASIFICAR,
ASUNCION,CURSO DE OFICIAL DE LA COMPAÑIA DE LA PROTECCION MARITIMA,PRESENCIAL,,SIN_CLASIFICAR,
ASUNCION,CURSO DE OFICIAL DE PROTECCION A LA INSTALACION PORTUARIA,PRESENCIAL,,SIN_CLASIFICAR,
ASUNCION,CURSO DE OFICIAL DE PROTECCION DE BUQUES,PRESENCIAL,,SIN_CLASIFICAR,
ASUNCION,CURSO DE PERSONA DESIGNADA EN TIERRA PDT,PRESENCIAL,,SIN_CLASIFICAR,
ASUNCION,CURSO DE PROTECCION DE BUQUES E INSTALACIONES PORTUARIAS - PBIP,PRESENCIAL,,SIN_CLASIFICAR,
ASUNCION,CURSO DE RADIO OPERADORES RESTRINGIDOS ROR,PRESENCIAL,,SIN_CLASIFICAR,
ASUNCION,CURSO EN ANALISTA CERTIFICADO EN CONTRATACIONES PUBLICAS,PRESENCIAL,,SIN_CLASIFICAR,
ASUNCION,CURSO EN ETIQUETA Y PROTOCOLO,PRESENCIAL,,SIN_CLASIFICAR,
ASUNCION,CURSO EN INGLES NIVEL AVANZADO,PRESENCIAL,,SIN_CLASIFICAR,
ASUNCION,CURSO EN MODELO ESTANDAR DE CONTROL INTERNO,PRESENCIAL,,SIN_CLASIFICAR,
ASUNCION,CURSO EN ORGANIZACION Y METODO,PRESENCIAL,,SIN_CLASIFICAR,
ASUNCION,CURSO EN SECRETARIADO EJECUTIVO,PRESENCIAL,,SIN_CLASIFICAR,
ASUNCION,CURSO TALLER DE ALTO RENDIMIENTO FISICO DEPORTIVO,PRESENCIAL,Ciencias Naturales,SIN_CLASIFICAR,
ASUNCION,CURSO TALLER DE ALTO RENDIMIENTO FISICO DEPORTIVO,PRESENCIAL,Ciencias Naturales,SIN_CLASIFICAR,
ASUNCION,CURSO TALLER DE CAPACITACION EN ENTRENAMIENTO EN BICICLETA ESTATICA,PRESENCIAL,,SIN_CLASIFICAR,
ASUNCION,CURSO TALLER DE CAPACITACION EN ENTRENAMIENTO EN BICICLETA ESTATICA,PRESENCIAL,,SIN_CLASIFICAR,
ASUNCION,CURSO TALLER DE CAPACITACION EN ENTRENAMIENTO EN BICICLETA ESTATICA,PRESENCIAL,,SIN_CLASIFICAR,
ASUNCION,CURSO TALLER DE CIRCUITOS AERÓBICOS FORMULADOS,PRESENCIAL,,SIN_CLASIFICAR,
ASUNCION,CURSO TALLER DE CIRCUITOS AERÓBICOS FORMULADOS,PRESENCIAL,,SIN_CLASIFICAR,
ASUNCION,CURSO TALLER DE CIRCUITOS AERÓBICOS FORMULADOS,PRESENCIAL,,SIN_CLASIFICAR,
ASUNCION,CURSO TALLER DE DECORACION DE TORTAS Y BOCADITOS DULCES,PRESENCIAL,,SIN_CLASIFICAR,
ASUNCION,CURSO TALLER DE DECORACION DE TORTAS Y BOCADITOS DULCES,PRESENCIAL,,SIN_CLASIFICAR,
ASUNCION,CURSO TALLER DE ENERGIAS ALTERNATIVAS,PRESENCIAL,,SIN_CLASIFICAR,
ASUNCION,CURSO TALLER DE ENTRENADOR DE PREPARACION FISICA DEPORTIVA,PRESENCIAL,Ciencias Naturales,SIN_CLASIFICAR,
ASUNCION,CURSO TALLER DE ENTRENADOR DE PREPARACION FISICA DEPORTIVA,PRESENCIAL,Ciencias Naturales,SIN_CLASIFICAR,
ASUNCION,CURSO TALLER DE ENTRENADOR DE PREPARACION FISICA DEPORTIVA,PRESENCIAL,Ciencias Naturales,SIN_CLASIFICAR,
ASUNCION,CURSO TALLER DE ENTRENADOR EN ARTES MARCIALES MIXTAS,PRESENCIAL,Humanidades,SIN_CLASIFICAR,
ASUNCION,CURSO TALLER DE ENTRENADOR EN ARTES MARCIALES MIXTAS,PRESENCIAL,Humanidades,SIN_CLASIFICAR,
ASUNCION,CURSO TALLER DE ENTRENADOR EN CROSSTRAINING,PRESENCIAL,,SIN_CLASIFICAR,
ASUNCION,CURSO TALLER DE ENTRENAMIENTO FUNCIONAL,PRESENCIAL,,SIN_CLASIFICAR,
ASUNCION,CURSO TALLER DE ENTRENAMIENTO FUNCIONAL,PRESENCIAL,,SIN_CLASIFICAR,
ASUNCION,CURSO TALLER DE ENTRENAMIENTO FUNCIONAL,PRESENCIAL,,SIN_CLASIFICAR,
ASUNCION,CURSO TALLER DE FITNESS,PRESENCIAL,,SIN_CLASIFICAR,
ASUNCION,CURSO TALLER EN ARRANQUE ELECTRONICO DE MOTORES,PRESENCIAL,Ingenieria y Tecnologia,SIN_CLASIFICAR,
ASUNCION,CURSO TALLER EN ATENCION A LA DIVERSIDAD,PRESENCIAL,,SIN_CLASIFICAR,
ASUNCION,CURSO TALLER EN CIENCIAS POLITICAS CON ENFASIS EN LIDERAZGO POLITICO,PRESENCIAL,,SIN_CLASIFICAR,
ASUNCION,CURSO TALLER EN CIENCIAS POLITICAS CON ENFASIS EN LIDERAZGO POLITICO,PRESENCIAL,,SIN_CLASIFICAR,
ASUNCION,CURSO TALLER EN COMUNICACION E IMAGEN INSTITUCIONAL,PRESENCIAL,Ciencias Sociales,SIN_CLASIFICAR,
ASUNCION,CURSO TALLER EN COMUNICACION E IMAGEN INSTITUCIONAL,PRESENCIAL,Ciencias Sociales,SIN_CLASIFICAR,
ASUNCION,CURSO TALLER EN ENTRENADOR EN ALTO RENDIMIENTO DEPORTIVO,PRESENCIAL,,SIN_CLASIFICAR,
ASUNCION,CURSO TALLER EN ENTRENADOR EN CIRCUITOS AEROBICOS FORMULADOS,PRESENCIAL,,SIN_CLASIFICAR,
ASUNCION,CURSO TALLER EN ENTRENADOR EN CROSS TRAINING PRO,PRESENCIAL,,SIN_CLASIFICAR,
ASUNCION,CURSO TALLER EN ENTRENADOR EN ENTRENAMIENTO FUNCIONAL,PRESENCIAL,,SIN_CLASIFICAR,
ASUNCION,CURSO TALLER EN ENTRENADOR EN ENTRENAMIENTO FUNCIONAL,PRESENCIAL,,SIN_CLASIFICAR,
ASUNCION,CURSO TALLER EN ENTRENADOR FISICO EN MODALIDAD HIDRIDO - FUNCIONAL,PRESENCIAL,Ciencias Naturales,SIN_CLASIFICAR,
ASUNCION,CURSO TALLER EN ENTRENADOR FISICO PERSONALIZADO,PRESENCIAL,Ciencias Naturales,SIN_CLASIFICAR,
ASUNCION,CURSO TALLER EN ENTRENADOR FISICO PERSONALIZADO,PRESENCIAL,Ciencias Naturales,SIN_CLASIFICAR,
ASUNCION,CURSO TALLER EN INGLES NIVEL PRINCIPIANTE,PRESENCIAL,,SIN_CLASIFICAR,
ASUNCION,CURSO TALLER EN LIDERAZGO,PRESENCIAL,,SIN_CLASIFICAR,
ASUNCION,CURSO TALLER EN MEDIOS DE COMUNICACIÓN SOCIAL,PRESENCIAL,Ciencias Sociales,SIN_CLASIFICAR,
ASUNCION,CURSO TALLER EN NOVEDADES Y OBLIGACIONES DE LA LEGISLACION LABORAL EN EL PARAGUAY,PRESENCIAL,,SIN_CLASIFICAR,
ASUNCION,CURSO TALLER EN PLANIFICACION ESTRATEGICA,PRESENCIAL,,SIN_CLASIFICAR,
ASUNCION,CURSO TALLER EN PRESUPUESTO PUBLICO Y RENDICION DE CUENTAS,PRESENCIAL,,SIN_CLASIFICAR,
ASUNCION,CURSO TALLER EN PRESUPUESTO PUBLICO Y RENDICION DE CUENTAS,PRESENCIAL,,SIN_CLASIFICAR,
ASUNCION,CURSO TALLER EN PRESUPUESTO PUBLICO Y RENDICION DE CUENTAS,PRESENCIAL,,SIN_CLASIFICAR,
ASUNCION,CURSO TALLER EN PREVENCION E INTERVENCION EN ACOSO ESCOLAR,PRESENCIAL,,SIN_CLASIFICAR,
ASUNCION,CURSO TALLER METODOLOGIA DE LA INVESTIGACION,PRESENCIAL,,SIN_CLASIFICAR,
ASUNCION,CURSO TALLER ORATORIA,PRESENCIAL,,SIN_CLASIFICAR,
ASUNCION,CURSO TALLER ORATORIA,PRESENCIAL,,SIN_CLASIFICAR,
ASUNCION,CURSO TALLER SOBRE LA INSIDENCIA DE METODOLOGIA DE LA INVESTIGACION EN LA SOCIEDAD,PRESENCIAL,,SIN_CLASIFICAR,
ASUNCION,CURSO TELLER DE CAPACITACION EN ENTRENADOR DE GIMNASIO,PRESENCIAL,,SIN_CLASIFICAR,
ASUNCION,CURSO TELLER DE CAPACITACION EN ENTRENADOR DE GIMNASIO,PRESENCIAL,,SIN_CLASIFICAR,
ASUNCION,CURSO TELLER DE CAPACITACION EN ENTRENADOR DE GIMNASIO,PRESENCIAL,,SIN_CLASIFICAR,
ASUNCION,CURSO TELLER DE CAPACITACION EN ENTRENADOR DE GIMNASIO,PRESENCIAL,,SIN_CLASIFICAR,
ASUNCION,CURSO TELLER DE CAPACITACION EN ENTRENAMIENTO FISICO PERSONALIZADO,PRESENCIAL,Ciencias Naturales,SIN_CLASIFICAR,
ASUNCION,"CURSO VIRTUAL DE ""DISEÑO UNIVERSAL DE APRENDIZAJE (DUA)""",VIRTUAL,,SIN_CLASIFICAR,
ASUNCION,Capacitación para Profesores Guías,PRESENCIAL,,SIN_CLASIFICAR,
ASUNCION,Capacitación para Profesores Guías,PRESENCIAL,,SIN_CLASIFICAR,
ASUNCION,Curso de Capacitación denominado de “Planeamiento de Clase II: Áreas de Ciencias Sociales y Ciencias Naturales del 3° Ciclo de la EEB y Nivel Medio”,SEMIPRESENCIAL_DISTANCIA,,SIN_CLASIFICAR,
ASUNCION,Curso y talleres de verano,PRESENCIAL,,SIN_CLASIFICAR,
ASUNCION,DANZA,PRESENCIAL,Humanidades,SIN_CLASIFICAR,
ASUNCION,"DEFENSA, DESARROLLO Y SEGURIDAD ESTRATÉGICA NACIONAL",PRESENCIAL,,SIN_CLASIFICAR,
ASUNCION,DENTISTICA,PRESENCIAL,Ciencias Medicas y Salud,SIN_CLASIFICAR,
ASUNCION,DEPORTES Y RECREACION,PRESENCIAL,,SIN_CLASIFICAR,
ASUNCION,DESARROLLO INFANTIL Y ESTIMULACION TEMPRANA,PRESENCIAL,Ciencias Medicas y Salud,SIN_CLASIFICAR,
ASUNCION,DESARROLLO Y DEFENSA NACIONAL,PRESENCIAL,,SIN_CLASIFICAR,
ASUNCION,DIPLOMACIA,PRESENCIAL,Ciencias Sociales,SIN_CLASIFICAR,
ASUNCION,DIPLOMACIA Y RELACIONES EXTERIORES,PRESENCIAL,,SIN_CLASIFICAR,
ASUNCION,DIPLOMADO EN TECNICATURA EN COCINA ESPAÑOLA,PRESENCIAL,,SIN_CLASIFICAR,
ASUNCION,DIRECCION DE EMPRESAS,PRESENCIAL,Ciencias Sociales,SIN_CLASIFICAR,
ASUNCION,DIRECCION DE ESTRATEGIAS DIGITALES,PRESENCIAL,,SIN_CLASIFICAR,
ASUNCION,DIRECCIÓN DE PROYECTOS,SEMIPRESENCIAL_DISTANCIA,,SIN_CLASIFICAR,
ASUNCION,DIRECCIÓN ESTRATÉGICA,SEMIPRESENCIAL_DISTANCIA,,SIN_CLASIFICAR,
ASUNCION,DISEÑO DE MODA E INDUMENTARIA,PRESENCIAL,Humanidades,SIN_CLASIFICAR,
ASUNCION,DISEÑO DE MODA Y VESTUARIO,PRESENCIAL,Humanidades,SIN_CLASIFICAR,
ASUNCION,DISEÑO DE MODAS,PRESENCIAL,Humanidades,SIN_CLASIFICAR,
ASUNCION,DISEÑO DE MODAS,PRESENCIAL,Humanidades,SIN_CLASIFICAR,
ASUNCION,DISEÑO DE MODAS,PRESENCIAL,Humanidades,SIN_CLASIFICAR,
ASUNCION,DISEÑO DE MODAS,PRESENCIAL,Humanidades,SIN_CLASIFICAR,
ASUNCION,DISEÑO DE MODAS,PRESENCIAL,Humanidades,SIN_CLASIFICAR,
ASUNCION,DISEÑO DE MODAS,PRESENCIAL,Humanidades,SIN_CLASIFICAR,
ASUNCION,DISEÑO GRAFICO,PRESENCIAL,Humanidades,SIN_CLASIFICAR,
ASUNCION,DISEÑO GRAFICO,PRESENCIAL,Humanidades,SIN_CLASIFICAR,
ASUNCION,DISEÑO GRAFICO,PRESENCIAL,Humanidades,SIN_CLASIFICAR,
ASUNCION,DISEÑO GRAFICO,PRESENCIAL,Humanidades,SIN_CLASIFICAR,
ASUNCION,DISEÑO GRAFICO,PRESENCIAL,Humanidades,SIN_CLASIFICAR,
ASUNCION,DISEÑO GRAFICO,PRESENCIAL,Humanidades,SIN_CLASIFICAR,
ASUNCION,DISEÑO GRAFICO,PRESENCIAL,Humanidades,SIN_CLASIFICAR,
ASUNCION,DISEÑO GRAFICO,PRESENCIAL,Humanidades,SIN_CLASIFICAR,
ASUNCION,DISEÑO GRAFICO,PRESENCIAL,Humanidades,SIN_CLASIFICAR,
ASUNCION,DISEÑO GRAFICO,PRESENCIAL,Humanidades,SIN_CLASIFICAR,
ASUNCION,DISEÑO GRAFICO,PRESENCIAL,Humanidades,SIN_CLASIFICAR,
ASUNCION,DISEÑO GRAFICO,PRESENCIAL,Humanidades,SIN_CLASIFICAR,
ASUNCION,DISEÑO GRAFICO,PRESENCIAL,Humanidades,SIN_CLASIFICAR,
ASUNCION,DISEÑO GRAFICO DIGITAL,PRESENCIAL,,SIN_CLASIFICAR,
ASUNCION,DISEÑO INFOGRAFICO,PRESENCIAL,Humanidades,SIN_CLASIFICAR,
ASUNCION,DISEÑO TEXTIL E INDUMENTARIA,PRESENCIAL,Humanidades,SIN_CLASIFICAR,
ASUNCION,DISEÑO Y ANIMACIÓN DIGITAL,SEMIPRESENCIAL_DISTANCIA,,SIN_CLASIFICAR,
ASUNCION,DISEÑO Y COMUNICACION GRAFICA,PRESENCIAL,Ciencias Sociales,SIN_CLASIFICAR,
ASUNCION,DISEÑO Y DECORACION DE INTERIORES,PRESENCIAL,Humanidades,SIN_CLASIFICAR,
ASUNCION,"DISEÑO, SEGUIMIENTO Y EVALUACION DE PROYECTOS DE INVERSION PUBLICA",PRESENCIAL,,SIN_CLASIFICAR,
ASUNCION,"DISEÑO, SEGUIMIENTO Y EVALUACION DE PROYECTOS DE INVERSION PUBLICA",PRESENCIAL,,SIN_CLASIFICAR,
ASUNCION,"DISEÑO, SEGUIMIENTO Y EVALUACION DE PROYECTOS DE INVERSION PUBLICA",PRESENCIAL,,SIN_CLASIFICAR,
ASUNCION,ECOCARDIOGRAFIA PEDIATRICA,PRESENCIAL,Ciencias Medicas y Salud,SIN_CLASIFICAR,
ASUNCION,EMERGENTOLOGIA,PRESENCIAL,Ciencias Medicas y Salud,SIN_CLASIFICAR,
ASUNCION,EMPLEO PUBLICO,PRESENCIAL,,SIN_CLASIFICAR,
ASUNCION,EMPLEO PUBLICO,PRESENCIAL,,SIN_CLASIFICAR,
ASUNCION,EMPRENDEDURISMO Y CREACION DE EMPRESAS,PRESENCIAL,,SIN_CLASIFICAR,
ASUNCION,ENDODONCIA,PRESENCIAL,Ciencias Medicas y Salud,SIN_CLASIFICAR,
ASUNCION,ENDODONCIA,PRESENCIAL,Ciencias Medicas y Salud,SIN_CLASIFICAR,
ASUNCION,ENDODONCIA,PRESENCIAL,Ciencias Medicas y Salud,SIN_CLASIFICAR,
ASUNCION,ENDODONCIA,PRESENCIAL,Ciencias Medicas y Salud,SIN_CLASIFICAR,
ASUNCION,ENDODONCIA,PRESENCIAL,Ciencias Medicas y Salud,SIN_CLASIFICAR,
ASUNCION,ENDODONCIA,PRESENCIAL,Ciencias Medicas y Salud,SIN_CLASIFICAR,
ASUNCION,ENDODONCIA,PRESENCIAL,Ciencias Medicas y Salud,SIN_CLASIFICAR,
ASUNCION,ENERGIA,PRESENCIAL,Ingenieria y Tecnologia,SIN_CLASIFICAR,
ASUNCION,"ENERGIA PARA EL DESARROLLO SOSTENIBLE, ENERGIAS RENOVABLES Y EFICIENCIA ENERGETICA",PRESENCIAL,Ingenieria y Tecnologia,SIN_CLASIFICAR,
ASUNCION,ENFOQUE DE GENERO EN LAS PRACTICAS Y POLITICAS DE GESTION DE PERSONAS EN EL SERVICIO CIVIL,PRESENCIAL,Ingenieria y Tecnologia,SIN_CLASIFICAR,
ASUNCION,ENFOQUE DE GENERO EN LAS PRACTICAS Y POLITICAS DE GESTION DE PERSONAS EN EL SERVICIO CIVIL,PRESENCIAL,Ingenieria y Tecnologia,SIN_CLASIFICAR,
ASUNCION,ENTRENADOR DE GIMNASIA FUNCIONAL,PRESENCIAL,,SIN_CLASIFICAR,
ASUNCION,ENTRENADOR DE GIMNASIA FUNCIONAL,PRESENCIAL,,SIN_CLASIFICAR,
ASUNCION,ENTRENADOR EN ALTO RENDIMIENTO FISICO DEPORTIVO,PRESENCIAL,Ciencias Naturales,SIN_CLASIFICAR,
ASUNCION,ENTRENADOR PERSONAL,PRESENCIAL,,SIN_CLASIFICAR,
ASUNCION,ENTRENADOR PERSONAL,PRESENCIAL,,SIN_CLASIFICAR,
ASUNCION,ENTRENAMIENTO DE FUERZA Y ACONDICIONAMIENTO FISICO,PRESENCIAL,Ciencias Naturales,SIN_CLASIFICAR,
ASUNCION,ENTRENAMIENTO FISICO PERSONALIZADO,PRESENCIAL,Ciencias Naturales,SIN_CLASIFICAR,
ASUNCION,ENTRENAMIENTO FISICO PERSONALIZADO,PRESENCIAL,Ciencias Naturales,SIN_CLASIFICAR,
ASUNCION,ENTRENAMIENTO FISICO PERSONALIZADO,PRESENCIAL,Ciencias Naturales,SIN_CLASIFICAR,
ASUNCION,ENTRENAMIENTO FISICO PERSONALIZADO,PRESENCIAL,Ciencias Naturales,SIN_CLASIFICAR,
ASUNCION,ENTRENAMIENTO FISICO PERSONALIZADO,PRESENCIAL,Ciencias Naturales,SIN_CLASIFICAR,
ASUNCION,ENTRENAMIENTO FISICO PERSONALIZADO,PRESENCIAL,Ciencias Naturales,SIN_CLASIFICAR,
ASUNCION,ENTRENAMIENTO PERSONALIZADO Y GIMNASIO,PRESENCIAL,,SIN_CLASIFICAR,
ASUNCION,ENTRENAMIENTO PERSONALIZADO Y GIMNASIO,PRESENCIAL,,SIN_CLASIFICAR,
ASUNCION,ENTRENAMIENTO PERSONALIZADO Y GIMNASIO,PRESENCIAL,,SIN_CLASIFICAR,
ASUNCION,ENTRENAMIENTO PERSONALIZADO Y GIMNASIO,PRESENCIAL,,SIN_CLASIFICAR,
ASUNCION,ENTRENAMIENTO PERSONALIZADO Y GIMNASIO,PRESENCIAL,,SIN_CLASIFICAR,
ASUNCION,ENTRENAMIENTO PERSONALIZADO Y GIMNASIO,PRESENCIAL,,SIN_CLASIFICAR,
ASUNCION,"ESTRATEGIAS INNOVADORAS EN EL AULA, VIVENCIANDO VALORES",PRESENCIAL,,SIN_CLASIFICAR,
ASUNCION,EVALUACION INSTITUCIONAL,PRESENCIAL,Ciencias Sociales,SIN_CLASIFICAR,
ASUNCION,EVALUACION POR COMPETENCIAS,SEMIPRESENCIAL_DISTANCIA,,SIN_CLASIFICAR,
ASUNCION,Especialista en Dirección General de Empresas,PRESENCIAL,,SIN_CLASIFICAR,
ASUNCION,FILOSOFIA,PRESENCIAL,Humanidades,SIN_CLASIFICAR,
ASUNCION,FILOSOFIA,PRESENCIAL,Humanidades,SIN_CLASIFICAR,
ASUNCION,FILOSOFIA,PRESENCIAL,Humanidades,SIN_CLASIFICAR,
ASUNCION,FILOSOFIA,SEMIPRESENCIAL_DISTANCIA,Humanidades,SIN_CLASIFICAR,
ASUNCION,FILOSOFIA,SEMIPRESENCIAL_DISTANCIA,Humanidades,SIN_CLASIFICAR,
ASUNCION,FILOSOFIA POLITICA CONTEMPORANEA,PRESENCIAL,Humanidades,SIN_CLASIFICAR,
ASUNCION,FITNESS,PRESENCIAL,,SIN_CLASIFICAR,
ASUNCION,FORMACION DE SUPERVISORES ESCOLARES,PRESENCIAL,Ciencias Sociales,SIN_CLASIFICAR,
ASUNCION,FOTOGRAFIA DIGITAL,PRESENCIAL,,SIN_CLASIFICAR,
ASUNCION,FOTOGRAFIA DIGITAL,PRESENCIAL,,SIN_CLASIFICAR,
ASUNCION,FOTOGRAFIA DIGITAL,PRESENCIAL,,SIN_CLASIFICAR,
ASUNCION,FOTOGRAFIA DIGITAL,PRESENCIAL,,SIN_CLASIFICAR,
ASUNCION,FOTOGRAFIA DIGITAL,PRESENCIAL,,SIN_CLASIFICAR,
ASUNCION,FUTBOL,PRESENCIAL,,SIN_CLASIFICAR,
ASUNCION,FUTBOL,PRESENCIAL,,SIN_CLASIFICAR,
ASUNCION,FUTBOL,PRESENCIAL,,SIN_CLASIFICAR,
ASUNCION,FUTBOL DE CAMPO,PRESENCIAL,,SIN_CLASIFICAR,
ASUNCION,FUTBOL DE CAMPO,PRESENCIAL,,SIN_CLASIFICAR,
ASUNCION,FUTBOL DE CAMPO,PRESENCIAL,,SIN_CLASIFICAR,
ASUNCION,FUTBOL DE CAMPO,PRESENCIAL,,SIN_CLASIFICAR,
ASUNCION,FUTBOL DE CAMPO,PRESENCIAL,,SIN_CLASIFICAR,
ASUNCION,FUTBOL DE CAMPO,SEMIPRESENCIAL_DISTANCIA,,SIN_CLASIFICAR,
ASUNCION,FUTBOL DE CAMPO,SEMIPRESENCIAL_DISTANCIA,,SIN_CLASIFICAR,
ASUNCION,FUTBOL DE CAMPO,SEMIPRESENCIAL_DISTANCIA,,SIN_CLASIFICAR,
ASUNCION,FUTBOL DE CAMPO,PRESENCIAL,,SIN_CLASIFICAR,
ASUNCION,FUTBOL DE CAMPO PARA JUGADORES EXPERIMENTADOS,SEMIPRESENCIAL_DISTANCIA,,SIN_CLASIFICAR,
ASUNCION,FUTSAL FIFA,PRESENCIAL,,SIN_CLASIFICAR,
ASUNCION,GERENCIA PUBLICA,PRESENCIAL,Ciencias Sociales,SIN_CLASIFICAR,
ASUNCION,GERENCIA Y DESARROLLO SOCIAL,PRESENCIAL,Ciencias Sociales,SIN_CLASIFICAR,
ASUNCION,GESTION DE LA CALIDAD TOTAL,PRESENCIAL,Ciencias Sociales,SIN_CLASIFICAR,
ASUNCION,GESTION DE LA INVESTIGACION,PRESENCIAL,,SIN_CLASIFICAR,
ASUNCION,GESTION DE LA INVESTIGACION,PRESENCIAL,,SIN_CLASIFICAR,
ASUNCION,GESTION DE PERSONAS,PRESENCIAL,Ciencias Sociales,SIN_CLASIFICAR,
ASUNCION,GESTION DE POLITICA Y RELACIONES INTERNACIONALES,PRESENCIAL,,SIN_CLASIFICAR,
ASUNCION,GESTION DE POLITICAS SOCIALES,PRESENCIAL,Ciencias Sociales,SIN_CLASIFICAR,
ASUNCION,GESTION DE PROYECTOS,PRESENCIAL,Ciencias Sociales,SIN_CLASIFICAR,
ASUNCION,GESTION DE PROYECTOS DE COOPERACION INTERNACIONAL,PRESENCIAL,,SIN_CLASIFICAR,
ASUNCION,GESTION DE PROYECTOS DE COOPERACION INTERNACIONAL,PRESENCIAL,,SIN_CLASIFICAR,
ASUNCION,GESTION DEL CAPITAL HUMANO Y DESARROLLO ORGANIZACIONAL,PRESENCIAL,Ciencias Sociales,SIN_CLASIFICAR,
ASUNCION,GESTION DEPORTIVA,PRESENCIAL,,SIN_CLASIFICAR,
ASUNCION,GESTION DEPORTIVA,PRESENCIAL,,SIN_CLASIFICAR,
ASUNCION,GESTION INSTITUCIONAL,PRESENCIAL,Ciencias Sociales,SIN_CLASIFICAR,
ASUNCION,GESTION MINERA,PRESENCIAL,Ciencias Sociales,SIN_CLASIFICAR,
ASUNCION,GESTION PUBLICA,PRESENCIAL,Ciencias Sociales,SIN_CLASIFICAR,
ASUNCION,GESTION PUBLICA,PRESENCIAL,Ciencias Sociales,SIN_CLASIFICAR,
ASUNCION,GESTION PUBLICA,PRESENCIAL,Ciencias Sociales,SIN_CLASIFICAR,
ASUNCION,GESTION PUBLICA,PRESENCIAL,Ciencias Sociales,SIN_CLASIFICAR,
ASUNCION,GESTION TRIBUTARIA,PRESENCIAL,Ciencias Sociales,SIN_CLASIFICAR,
ASUNCION,GESTION Y DESARROLLO DE LAS PERSONAS EN LA FUNCION PUBLICA,PRESENCIAL,,SIN_CLASIFICAR,
ASUNCION,GESTION Y DESARROLLO DE LAS PERSONAS EN LA FUNCION PUBLICA,PRESENCIAL,,SIN_CLASIFICAR,
ASUNCION,GESTION Y DESARROLLO DE LAS PERSONAS EN LA FUNCION PUBLICA,PRESENCIAL,,SIN_CLASIFICAR,
ASUNCION,GESTIÓN DE LA INNOVACIÓN,PRESENCIAL,Ciencias Sociales,SIN_CLASIFICAR,
ASUNCION,GESTIÓN DE RIESGO DE DESASTRE Y ADAPTACIÓN AL CAMBIO CLIMÁTICO,PRESENCIAL,,SIN_CLASIFICAR,
ASUNCION,"GESTIÓN DEL CURRICULUM POR COMPETENCIAS, INNOVACIÓN DE LA ENSEÑANZA DE MATEMÁTICAS",PRESENCIAL,Ciencias Naturales,SIN_CLASIFICAR,
ASUNCION,"GESTIÓN DEL CURRÍCULUM POR COMPETENCIAS, INNOVACIÓN EN LA ENSEÑANZA DE CIENCIAS NATURALES",PRESENCIAL,,SIN_CLASIFICAR,
ASUNCION,"GESTIÓN DEL CURRÍCULUM POR COMPETENCIAS, INNOVACIÓN EN LA ENSEÑANZA DE LENGUA",PRESENCIAL,,SIN_CLASIFICAR,
ASUNCION,GESTIÓN DEPORTIVA,PRESENCIAL,,SIN_CLASIFICAR,
ASUNCION,GESTIÓN ESTRATEGICA DEL TALENTO HUMANO,VIRTUAL,,SIN_CLASIFICAR,
ASUNCION,GESTIÓN PARA RESULTADOS EN INSTITUCIONES PÚBLICAS,PRESENCIAL,,SIN_CLASIFICAR,
ASUNCION,"GOBERNABILIDAD, GERENCIA POLITICA Y GESTION PUBLICA",PRESENCIAL,Ciencias Sociales,SIN_CLASIFICAR,
ASUNCION,GOBIERNO Y GERENCIA PUBLICA,PRESENCIAL,Ciencias Sociales,SIN_CLASIFICAR,
ASUNCION,GOBIERNO Y GERENCIA PUBLICA,PRESENCIAL,Ciencias Sociales,SIN_CLASIFICAR,
ASUNCION,GOBIERNO Y GESTION PUBLICA,PRESENCIAL,Ciencias Sociales,SIN_CLASIFICAR,
ASUNCION,GOBIERNO Y POLITICAS PUBLICAS,PRESENCIAL,,SIN_CLASIFICAR,
ASUNCION,"GOBIERNO, SERVICIO PUBLICO Y POLITICA ESTRATEGICA",PRESENCIAL,,SIN_CLASIFICAR,
ASUNCION,HANDBOL,PRESENCIAL,,SIN_CLASIFICAR,
ASUNCION,HANDBOL,PRESENCIAL,,SIN_CLASIFICAR,
ASUNCION,HANDBOL,PRESENCIAL,,SIN_CLASIFICAR,
ASUNCION,HANDBOL,PRESENCIAL,,SIN_CLASIFICAR,
ASUNCION,HIGIENE Y SEGURIDAD LABORAL,PRESENCIAL,,SIN_CLASIFICAR,
ASUNCION,HIGIENE Y SEGURIDAD LABORAL,PRESENCIAL,,SIN_CLASIFICAR,
ASUNCION,HIGIENE Y SEGURIDAD LABORAL,PRESENCIAL,,SIN_CLASIFICAR,
ASUNCION,HISTORIA,PRESENCIAL,Humanidades,SIN_CLASIFICAR,
ASUNCION,HISTORIA,PRESENCIAL,Humanidades,SIN_CLASIFICAR,
ASUNCION,HISTORIA,PRESENCIAL,Humanidades,SIN_CLASIFICAR,
ASUNCION,HISTORIA DEL PARAGUAY,PRESENCIAL,Humanidades,SIN_CLASIFICAR,
ASUNCION,HUMANIDADES,PRESENCIAL,Humanidades,SIN_CLASIFICAR,
ASUNCION,IMAGENES DIAGNOSTICAS,PRESENCIAL,Ciencias Medicas y Salud,SIN_CLASIFICAR,
ASUNCION,IMPLANTES,PRESENCIAL,Ciencias Medicas y Salud,SIN_CLASIFICAR,
ASUNCION,IMPLANTES,PRESENCIAL,Ciencias Medicas y Salud,SIN_CLASIFICAR,
ASUNCION,IMPLANTES OSTEOINTEGRADOS,PRESENCIAL,Ciencias Medicas y Salud,SIN_CLASIFICAR,
ASUNCION,IMPLANTOLOGIA ORAL,PRESENCIAL,Ciencias Medicas y Salud,SIN_CLASIFICAR,
ASUNCION,IMPLANTOLOGIA ORAL,PRESENCIAL,Ciencias Medicas y Salud,SIN_CLASIFICAR,
ASUNCION,INNOVACIÓN Y DESARROLLO,SEMIPRESENCIAL_DISTANCIA,,SIN_CLASIFICAR,
ASUNCION,INSTRUMENTISTA DE BANDA MILITAR,PRESENCIAL,Humanidades,SIN_CLASIFICAR,
ASUNCION,INTELIGENCIA ESTRATEGICA,PRESENCIAL,,SIN_CLASIFICAR,
ASUNCION,INTERIORES,PRESENCIAL,Humanidades,SIN_CLASIFICAR,
ASUNCION,INTERPRETE DE INSTRUMENTO MUSICAL,PRESENCIAL,,SIN_CLASIFICAR,
ASUNCION,INTERPRETE DE INSTRUMENTO MUSICAL,PRESENCIAL,,SIN_CLASIFICAR,
ASUNCION,INTERPRETE DE MUSICA GOSPEL CONTEMPORANEA,PRESENCIAL,,SIN_CLASIFICAR,
ASUNCION,INTERPRETE DE MUSICA GOSPEL CONTEMPORANEA,PRESENCIAL,,SIN_CLASIFICAR,
ASUNCION,INTERPRETE DE MUSICA GOSPEL CONTEMPORANEA,PRESENCIAL,,SIN_CLASIFICAR,
ASUNCION,INTERPRETE DE MUSICA GOSPEL CONTEMPORANEA,PRESENCIAL,,SIN_CLASIFICAR,
ASUNCION,INTERPRETE DE MUSICA GOSPEL CONTEMPORANEA,PRESENCIAL,,SIN_CLASIFICAR,
ASUNCION,INTERPRETE DE MUSICA GOSPEL CONTEMPORANEA,PRESENCIAL,,SIN_CLASIFICAR,
ASUNCION,INTERVENCION ESPECIALIZADA CON ENFOQUE RESTAURATIVO PARA ADOLESCENTES INFRACTORES,PRESENCIAL,,SIN_CLASIFICAR,
ASUNCION,INTERVENCION SOCIOCULTURAL Y DESARROLLO HUMANO,PRESENCIAL,,SIN_CLASIFICAR,
ASUNCION,INVESTIGACION CIENTIFICA,PRESENCIAL,Ciencias Sociales,SIN_CLASIFICAR,
ASUNCION,INVESTIGACION DE MERCADO,PRESENCIAL,Ciencias Sociales,SIN_CLASIFICAR,
ASUNCION,INVESTIGACION SOCIAL Y TUTORIA DE TESIS,PRESENCIAL,Ciencias Sociales,SIN_CLASIFICAR,
ASUNCION,INVESTIGACIÓN DEL HÁBITAT Y LA VIVIENDA SUSTENTABLES,PRESENCIAL,,SIN_CLASIFICAR,
ASUNCION,LENGUA ALEMANA,PRESENCIAL,Humanidades,SIN_CLASIFICAR,
ASUNCION,LENGUA DE SEÑAS PARAGUAYAS,PRESENCIAL,,SIN_CLASIFICAR,
ASUNCION,LENGUA DE SEÑAS PARAGUAYAS,PRESENCIAL,,SIN_CLASIFICAR,
ASUNCION,LENGUA DE SEÑAS PARAGUAYAS,PRESENCIAL,,SIN_CLASIFICAR,
ASUNCION,LENGUA ESPAÑOLA,PRESENCIAL,Humanidades,SIN_CLASIFICAR,
ASUNCION,LENGUA EXTRANJERA - LICENCIATURA EN INGLÉS,SEMIPRESENCIAL_DISTANCIA,Humanidades,SIN_CLASIFICAR,
ASUNCION,LENGUA FRANCESA,PRESENCIAL,Humanidades,SIN_CLASIFICAR,
ASUNCION,LENGUA GUARANI,PRESENCIAL,Humanidades,SIN_CLASIFICAR,
ASUNCION,LENGUA GUARANI COMUNICATIVO EN LA FUNCION PUBLICA,PRESENCIAL,Ciencias Sociales,SIN_CLASIFICAR,
ASUNCION,LENGUA GUARANI COMUNICATIVO EN LA FUNCION PUBLICA,PRESENCIAL,Ciencias Sociales,SIN_CLASIFICAR,
ASUNCION,LENGUA GUARANI COMUNICATIVO EN LA FUNCION PUBLICA,PRESENCIAL,Ciencias Sociales,SIN_CLASIFICAR,
ASUNCION,LENGUA INGLESA,PRESENCIAL,Humanidades,SIN_CLASIFICAR,
ASUNCION,LENGUA INGLESA,PRESENCIAL,Humanidades,SIN_CLASIFICAR,
ASUNCION,LENGUA INGLESA,SEMIPRESENCIAL_DISTANCIA,Humanidades,SIN_CLASIFICAR,
ASUNCION,LENGUA INGLESA,PRESENCIAL,Humanidades,SIN_CLASIFICAR,
ASUNCION,LENGUA PORTUGUESA,PRESENCIAL,Humanidades,SIN_CLASIFICAR,
ASUNCION,LENGUA PORTUGUESA,PRESENCIAL,Humanidades,SIN_CLASIFICAR,
ASUNCION,LENGUA Y LITERATURA,PRESENCIAL,Humanidades,SIN_CLASIFICAR,
ASUNCION,LENGUA Y LITERATURA HISPANOAMERICANA,PRESENCIAL,Humanidades,SIN_CLASIFICAR,
ASUNCION,LENGUAJE BILINGUISTICO E INTERCULTURALIDAD,SEMIPRESENCIAL_DISTANCIA,,SIN_CLASIFICAR,
ASUNCION,LENGUAS CASTELLANO - GUARANI,PRESENCIAL,Humanidades,SIN_CLASIFICAR,
ASUNCION,LETRAS,PRESENCIAL,Humanidades,SIN_CLASIFICAR,
ASUNCION,LETRAS,PRESENCIAL,Humanidades,SIN_CLASIFICAR,
ASUNCION,LETRAS Y LINGUISTICA,PRESENCIAL,Humanidades,SIN_CLASIFICAR,
ASUNCION,LIDERAZGO DE GESTIÓN DEL TALENTO HUMANO,PRESENCIAL,,SIN_CLASIFICAR,
ASUNCION,LIDERAZGO EN GESTION PUBLICA Y GOBERNABILIDAD,PRESENCIAL,Ciencias Sociales,SIN_CLASIFICAR,
ASUNCION,LIDERAZGO ESTRATEGICO,PRESENCIAL,,SIN_CLASIFICAR,
ASUNCION,LIDERAZGO ORGANIZACIONAL,PRESENCIAL,,SIN_CLASIFICAR,
ASUNCION,LIDERAZGO ORGANIZACIONAL,PRESENCIAL,,SIN_CLASIFICAR,
ASUNCION,LIDERAZGO Y MOTIVACION,PRESENCIAL,,SIN_CLASIFICAR,
ASUNCION,LINGUISTICA APLICADA CON ENFASIS EN ENSEÑANZA DEL INGLÉS COMO LENGUA EXTRANJERA,PRESENCIAL,,SIN_CLASIFICAR,
ASUNCION,LOGOPEDIA,PRESENCIAL,Ciencias Medicas y Salud,SIN_CLASIFICAR,
ASUNCION,MAQUINAS,PRESENCIAL,,SIN_CLASIFICAR,
ASUNCION,MAQUINAS,PRESENCIAL,,SIN_CLASIFICAR,
ASUNCION,MAQUINAS,PRESENCIAL,,SIN_CLASIFICAR,
ASUNCION,MAQUINAS,PRESENCIAL,,SIN_CLASIFICAR,
ASUNCION,MAQUINAS,PRESENCIAL,,SIN_CLASIFICAR,
ASUNCION,MAQUINAS,PRESENCIAL,,SIN_CLASIFICAR,
ASUNCION,MAQUINAS,PRESENCIAL,,SIN_CLASIFICAR,
ASUNCION,MATEMATICA,PRESENCIAL,Ciencias Naturales,SIN_CLASIFICAR,
ASUNCION,MATEMATICA,PRESENCIAL,Ciencias Naturales,SIN_CLASIFICAR,
ASUNCION,MATEMATICA,PRESENCIAL,Ciencias Naturales,SIN_CLASIFICAR,
ASUNCION,MATEMATICA,PRESENCIAL,Ciencias Naturales,SIN_CLASIFICAR,
ASUNCION,MATEMATICA CON ORIENTACION EN ESTADISTICA,PRESENCIAL,Ciencias Naturales,SIN_CLASIFICAR,
ASUNCION,MATEMATICAS,PRESENCIAL,Ciencias Naturales,SIN_CLASIFICAR,
ASUNCION,MATEMATICAS,PRESENCIAL,Ciencias Naturales,SIN_CLASIFICAR,
ASUNCION,MATEMATICAS,PRESENCIAL,Ciencias Naturales,SIN_CLASIFICAR,
ASUNCION,MEDIACION Y RESOLUCION DE CONFLICTOS,PRESENCIAL,Ciencias Sociales,SIN_CLASIFICAR,
ASUNCION,MEDIACION Y RESOLUCION DE CONFLICTOS,PRESENCIAL,Ciencias Sociales,SIN_CLASIFICAR,
ASUNCION,MEDIACION Y RESOLUCION DE CONFLICTOS,PRESENCIAL,Ciencias Sociales,SIN_CLASIFICAR,
ASUNCION,MEDIACION Y RESOLUCION DE CONFLICTOS,PRESENCIAL,Ciencias Sociales,SIN_CLASIFICAR,
ASUNCION,METODOLOGIA DE LA INVESTIGACION,PRESENCIAL,Ciencias Sociales,SIN_CLASIFICAR,
ASUNCION,METODOLOGIA DE LA INVESTIGACION,PRESENCIAL,Ciencias Sociales,SIN_CLASIFICAR,
ASUNCION,METODOLOGÍA DE LA INVESTIGACIÓN CIENTIFICA,PRESENCIAL,Ciencias Sociales,SIN_CLASIFICAR,
ASUNCION,METODOLOGÍA DE LA INVESTIGACIÓN CIENTIFICA,PRESENCIAL,Ciencias Sociales,SIN_CLASIFICAR,
ASUNCION,METODOLOGÍA DE LA INVESTIGACIÓN CIENTIFICA,PRESENCIAL,Ciencias Sociales,SIN_CLASIFICAR,
ASUNCION,METODOLOGÍA DE LA INVESTIGACIÓN CIENTIFICA,PRESENCIAL,Ciencias Sociales,SIN_CLASIFICAR,
ASUNCION,METODOLOGÍA DE LA INVESTIGACIÓN Y BIOESTADÍSTICA,PRESENCIAL,Ciencias Medicas y Salud,SIN_CLASIFICAR,
ASUNCION,METODOLOGÍA PARA LA ENSEÑANZA DE LA DANZA FOLFKLÓRICA,PRESENCIAL,,SIN_CLASIFICAR,
ASUNCION,MUSICA,PRESENCIAL,Humanidades,SIN_CLASIFICAR,
ASUNCION,"MÉTODOS, TÉCNICAS DE ENSEÑANZA Y EVALUACIÓN",PRESENCIAL,,SIN_CLASIFICAR,
ASUNCION,NATACION,PRESENCIAL,,SIN_CLASIFICAR,
ASUNCION,NATACION,PRESENCIAL,,SIN_CLASIFICAR,
ASUNCION,NEUMOLOGIA,PRESENCIAL,Ciencias Medicas y Salud,SIN_CLASIFICAR,
ASUNCION,NEUMOLOGIA,PRESENCIAL,Ciencias Medicas y Salud,SIN_CLASIFICAR,
ASUNCION,NEUROLOGIA PEDIATRICA,PRESENCIAL,Ciencias Medicas y Salud,SIN_CLASIFICAR,
ASUNCION,NEUROPEDIATRIA,PRESENCIAL,Ciencias Medicas y Salud,SIN_CLASIFICAR,
ASUNCION,NIÑEZ Y ADOLESCENCIA,PRESENCIAL,,SIN_CLASIFICAR,
ASUNCION,NIÑEZ Y ADOLESCENCIA CON ENFASIS EN POLITICAS PUBLICAS,PRESENCIAL,,SIN_CLASIFICAR,
ASUNCION,NIÑEZ Y LA ADOLESCENCIA,PRESENCIAL,Ciencias Sociales,SIN_CLASIFICAR,
ASUNCION,OFTALMOLOGIA,PRESENCIAL,Ciencias Medicas y Salud,SIN_CLASIFICAR,
ASUNCION,ONCO-HEMATOLOGIA PEDIATRICA,PRESENCIAL,Ciencias Medicas y Salud,SIN_CLASIFICAR,
ASUNCION,OPERACIONES MILITARES,PRESENCIAL,,SIN_CLASIFICAR,
ASUNCION,OPERACIONES RIBEREÑAS,PRESENCIAL,,SIN_CLASIFICAR,
ASUNCION,OPERACIONES RIBEREÑAS,PRESENCIAL,,SIN_CLASIFICAR,
ASUNCION,OPERACIONES RIBEREÑAS,PRESENCIAL,,SIN_CLASIFICAR,
ASUNCION,OPERACIONES RIBEREÑAS,PRESENCIAL,,SIN_CLASIFICAR,
ASUNCION,OPERACIONES RIBEREÑAS,PRESENCIAL,,SIN_CLASIFICAR,
ASUNCION,OPERACIONES RIBEREÑAS,PRESENCIAL,,SIN_CLASIFICAR,
ASUNCION,OPERACIONES RIBEREÑAS,PRESENCIAL,,SIN_CLASIFICAR,
ASUNCION,OPERATORIA DENTAL,PRESENCIAL,Ciencias Medicas y Salud,SIN_CLASIFICAR,
ASUNCION,OPERATORIA DENTAL,PRESENCIAL,Ciencias Medicas y Salud,SIN_CLASIFICAR,
ASUNCION,OPERATORIA DENTAL,PRESENCIAL,Ciencias Medicas y Salud,SIN_CLASIFICAR,
ASUNCION,OPERATORIA DENTAL,PRESENCIAL,Ciencias Medicas y Salud,SIN_CLASIFICAR,
ASUNCION,ORATORIA POLÍTICA,PRESENCIAL,,SIN_CLASIFICAR,
ASUNCION,ORIENTACIÓN Y TUTORÍA DE INVESTIGACIÓN SOCIAL,PRESENCIAL,Ciencias Medicas y Salud,SIN_CLASIFICAR,
ASUNCION,PEDIATRIA CLINICA,PRESENCIAL,Ciencias Medicas y Salud,SIN_CLASIFICAR,
ASUNCION,PERFECCIONAMIENTO DE LA ACTIVIDAD SECRETARIAL DEL ESTADO,PRESENCIAL,Ciencias Naturales,SIN_CLASIFICAR,
ASUNCION,PERICIA CALIGRAFICA Y DOCUMENTOLOGICA,PRESENCIAL,Ciencias Sociales,SIN_CLASIFICAR,
ASUNCION,PERIODISMO,PRESENCIAL,,SIN_CLASIFICAR,
ASUNCION,PERIODISMO,PRESENCIAL,,SIN_CLASIFICAR,
ASUNCION,PERIODISMO,PRESENCIAL,,SIN_CLASIFICAR,
ASUNCION,PERIODISMO,PRESENCIAL,,SIN_CLASIFICAR,
ASUNCION,PERIODISMO,PRESENCIAL,,SIN_CLASIFICAR,
ASUNCION,PERIODISMO,PRESENCIAL,,SIN_CLASIFICAR,
ASUNCION,PERIODISMO,PRESENCIAL,,SIN_CLASIFICAR,
ASUNCION,PERIODONCIA,PRESENCIAL,Ciencias Medicas y Salud,SIN_CLASIFICAR,
ASUNCION,PERIODONCIA,PRESENCIAL,Ciencias Medicas y Salud,SIN_CLASIFICAR,
ASUNCION,PLANEACIÓN ESTRATÉGICA EN LA GESTIÓN PÚBLICA,PRESENCIAL,,SIN_CLASIFICAR,
ASUNCION,PLANEAMIENTO DE CLASES,SEMIPRESENCIAL_DISTANCIA,,SIN_CLASIFICAR,
ASUNCION,PLANEAMIENTO ESTRATEGICO EN LA GESTION PUBLICA,PRESENCIAL,,SIN_CLASIFICAR,
ASUNCION,PLANIFICACION ESTRATEGICA NACIONAL,PRESENCIAL,,SIN_CLASIFICAR,
ASUNCION,PLANIFICACION ESTRATEGICA NACIONAL,PRESENCIAL,,SIN_CLASIFICAR,
ASUNCION,PLANIFICACION Y CONDUCCION ESTRATEGICA NACIONAL,PRESENCIAL,,SIN_CLASIFICAR,
ASUNCION,PLANIFICACION Y GESTION ESTRATEGICA EN EL SECTOR PUBLICO,PRESENCIAL,,SIN_CLASIFICAR,
ASUNCION,PLANIFICACION Y GESTION ESTRATEGICA EN EL SECTOR PUBLICO,PRESENCIAL,,SIN_CLASIFICAR,
ASUNCION,PLANIFICACION Y GESTION ESTRATEGICA EN EL SECTOR PUBLICO,PRESENCIAL,,SIN_CLASIFICAR,
ASUNCION,POLITICA ELECTORAL,SEMIPRESENCIAL_DISTANCIA,,SIN_CLASIFICAR,
ASUNCION,POLITICA Y GESTION PUBLICA,PRESENCIAL,,SIN_CLASIFICAR,
ASUNCION,PREPARACION FISICA DEPORTIVA,PRESENCIAL,Ciencias Naturales,SIN_CLASIFICAR,
ASUNCION,PREPARACION FISICA DEPORTIVA,PRESENCIAL,Ciencias Naturales,SIN_CLASIFICAR,
ASUNCION,PREPARACION FISICA DEPORTIVA,PRESENCIAL,Ciencias Naturales,SIN_CLASIFICAR,
ASUNCION,PREPARACION FISICA DEPORTIVA,PRESENCIAL,Ciencias Naturales,SIN_CLASIFICAR,
ASUNCION,PREPARACION FISICA DEPORTIVA,PRESENCIAL,Ciencias Naturales,SIN_CLASIFICAR,
ASUNCION,PREPARACION FISICA DEPORTIVA,PRESENCIAL,Ciencias Naturales,SIN_CLASIFICAR,
ASUNCION,PREPARACION FISICA DEPORTIVA,PRESENCIAL,Ciencias Naturales,SIN_CLASIFICAR,
ASUNCION,PREPARACION FISICA DEPORTIVA,PRESENCIAL,Ciencias Naturales,SIN_CLASIFICAR,
ASUNCION,PREPARACION FISICA DEPORTIVA,PRESENCIAL,Ciencias Naturales,SIN_CLASIFICAR,
ASUNCION,PREPARACION FISICA DEPORTIVA,PRESENCIAL,Ciencias Naturales,SIN_CLASIFICAR,
ASUNCION,PREPARACION FISICA DEPORTIVA,PRESENCIAL,Ciencias Naturales,SIN_CLASIFICAR,
ASUNCION,PREPARACIÓN FÍSICA DEPORTIVA,PRESENCIAL,Ciencias Naturales,SIN_CLASIFICAR,
ASUNCION,PREPARACIÓN FÍSICA DEPORTIVA,PRESENCIAL,Ciencias Naturales,SIN_CLASIFICAR,
ASUNCION,PREPARACIÓN FÍSICA DEPORTIVA,PRESENCIAL,Ciencias Naturales,SIN_CLASIFICAR,
ASUNCION,PREPARACIÓN FÍSICA DEPORTIVA,PRESENCIAL,Ciencias Naturales,SIN_CLASIFICAR,
ASUNCION,PREVENCION DEL USO DE SUSTANCIAS PSICOACTIVAS,PRESENCIAL,,SIN_CLASIFICAR,
ASUNCION,PREVENCIÓN DE LAVADO DE ACTIVOS Y COMPLIACE,SEMIPRESENCIAL_DISTANCIA,Ciencias Sociales,SIN_CLASIFICAR,
ASUNCION,PROCESO DE SELECCIÓN DEL PERSONAL PARA CARGOS CRÍTICOS DEL SECTOR PÚBLICO,PRESENCIAL,,SIN_CLASIFICAR,
ASUNCION,PROFESIONALIZACION EN LENGUA INGLESA,PRESENCIAL,,SIN_CLASIFICAR,
ASUNCION,PROGRAMA DE CAPACITACIÓN EN LIDERAZGO ESTRATÉGICO DEL SECTOR PÚBLICO,PRESENCIAL,,SIN_CLASIFICAR,
ASUNCION,PROGRAMA DE CAPACITACIÓN EN PLANIFICACIÓN ESTRATÉGICA,PRESENCIAL,,SIN_CLASIFICAR,
ASUNCION,PROMOCION SOCIAL Y COMUNITARIA,PRESENCIAL,,SIN_CLASIFICAR,
ASUNCION,"PROTOCOLO, CEREMONIAL Y RELACIONES INSTITUCIONALES",PRESENCIAL,,SIN_CLASIFICAR,
ASUNCION,"PROTOCOLO, EVENTOS Y RELACIONES INSTITUCIONALES",PRESENCIAL,,SIN_CLASIFICAR,
ASUNCION,"PROTOCOLO, EVENTOS Y RELACIONES INSTITUCIONALES",PRESENCIAL,,SIN_CLASIFICAR,
ASUNCION,"PROTOCOLO, EVENTOS Y RELACIONES INSTITUCIONALES",PRESENCIAL,,SIN_CLASIFICAR,
ASUNCION,"PROTOCOLO, EVENTOS Y RELACIONES INSTITUCIONALES",PRESENCIAL,,SIN_CLASIFICAR,
ASUNCION,"PROTOCOLO, EVENTOS Y RELACIONES INSTITUCIONALES",PRESENCIAL,,SIN_CLASIFICAR,
ASUNCION,"PROTOCOLO, EVENTOS Y RELACIONES INSTITUCIONALES",PRESENCIAL,,SIN_CLASIFICAR,
ASUNCION,"PROTOCOLO, EVENTOS Y RELACIONES INSTITUCIONALES",PRESENCIAL,,SIN_CLASIFICAR,
ASUNCION,"PROTOCOLO, EVENTOS Y RELACIONES INSTITUCIONALES",PRESENCIAL,,SIN_CLASIFICAR,
ASUNCION,PSICOMOTRICIDAD,PRESENCIAL,,SIN_CLASIFICAR,
ASUNCION,Pastoral Catequética,PRESENCIAL,,SIN_CLASIFICAR,
ASUNCION,RELACIONES INTERNACIONALES,PRESENCIAL,,SIN_CLASIFICAR,
ASUNCION,RELACIONES INTERNACIONALES,VIRTUAL,,SIN_CLASIFICAR,
ASUNCION,RELACIONES INTERNACIONALES,PRESENCIAL,,SIN_CLASIFICAR,
ASUNCION,RELACIONES INTERNACIONALES,PRESENCIAL,,SIN_CLASIFICAR,
ASUNCION,RELACIONES INTERNACIONALES,PRESENCIAL,,SIN_CLASIFICAR,
ASUNCION,RELACIONES INTERNACIONALES,PRESENCIAL,,SIN_CLASIFICAR,
ASUNCION,RELACIONES INTERNACIONALES,SEMIPRESENCIAL_DISTANCIA,,SIN_CLASIFICAR,
ASUNCION,RELACIONES INTERNACIONALES,PRESENCIAL,,SIN_CLASIFICAR,
ASUNCION,RELACIONES INTERNACIONALES,PRESENCIAL,,SIN_CLASIFICAR,
ASUNCION,RELACIONES INTERNACIONALES Y DIPLOMACIA,PRESENCIAL,,SIN_CLASIFICAR,
ASUNCION,RELACIONES LABORALES,PRESENCIAL,Ciencias Sociales,SIN_CLASIFICAR,
ASUNCION,RESOLUCION ALTERNATIVA DE CONFLICTOS,PRESENCIAL,Ciencias Sociales,SIN_CLASIFICAR,
ASUNCION,SANEAMIENTO URBANO,PRESENCIAL,,SIN_CLASIFICAR,
ASUNCION,SANIDAD Y CALIDAD VEGETAL,PRESENCIAL,,SIN_CLASIFICAR,
ASUNCION,SEGURIDAD E HIGIENE LABORAL,PRESENCIAL,,SIN_CLASIFICAR,
ASUNCION,SEGURIDAD E HIGIENE OCUPACIONAL,PRESENCIAL,,SIN_CLASIFICAR,
ASUNCION,SEGURIDAD E HIGIENE OCUPACIONAL,PRESENCIAL,,SIN_CLASIFICAR,
ASUNCION,SEGURIDAD Y PREVENCIÓN DE INCENDIOS,PRESENCIAL,,SIN_CLASIFICAR,
ASUNCION,SOCIOLOGIA,PRESENCIAL,,SIN_CLASIFICAR,
ASUNCION,SOMMELIER,PRESENCIAL,,SIN_CLASIFICAR,
ASUNCION,SUPERMERCADISMO Y GRANDES TIENDAS,PRESENCIAL,,SIN_CLASIFICAR,
ASUNCION,TALLER EN ENTRENADOR PERSONAL,PRESENCIAL,,SIN_CLASIFICAR,
ASUNCION,TALLER EN GERENCIA DEPORTIVA,PRESENCIAL,,SIN_CLASIFICAR,
ASUNCION,TALLER EN IDIOMA ITALIANO NIVEL MEDIO,PRESENCIAL,Humanidades,SIN_CLASIFICAR,
ASUNCION,TALLER EN LEGISLACION DEPORTIVA,PRESENCIAL,,SIN_CLASIFICAR,
ASUNCION,TALLER EN MICROBLANDING,PRESENCIAL,,SIN_CLASIFICAR,
ASUNCION,TALLER EN TÉCNICAS DE USO DE LAS TICs PARA APRENDER MEJOR,PRESENCIAL,,SIN_CLASIFICAR,
ASUNCION,TALLER MONITOR EN PREVENCION DE LESIONES EN EL DEPORTE,PRESENCIAL,,SIN_CLASIFICAR,
ASUNCION,TEATRO,PRESENCIAL,Humanidades,SIN_CLASIFICAR,
ASUNCION,TECNICAS Y PROCEDIMIENTOS,PRESENCIAL,,SIN_CLASIFICAR,
ASUNCION,TECNICATURA EN ALIANZA PÚBLICA PRIVADAS,PRESENCIAL,,SIN_CLASIFICAR,
ASUNCION,TECNICATURA EN ARMONIZACION ORO FACIAL,PRESENCIAL,,SIN_CLASIFICAR,
ASUNCION,TECNICATURA EN CONTRATACIONES PUBLICAS,PRESENCIAL,,SIN_CLASIFICAR,
ASUNCION,TECNICATURA EN CONTRATACIONES PUBLICAS,PRESENCIAL,,SIN_CLASIFICAR,
ASUNCION,"TECNICATURA EN DISEÑO, GESTION Y EVALUACION DE PROYECTOS",PRESENCIAL,,SIN_CLASIFICAR,
ASUNCION,TECNICATURA EN EVALUACIÓN DE PROYECTOS ORIENTADO A RESULTADOS,PRESENCIAL,,SIN_CLASIFICAR,
ASUNCION,TECNICATURA EN METODOLOGIA DE LA INVESTIGACION CIENTIFICA,PRESENCIAL,,SIN_CLASIFICAR,
ASUNCION,TECNICATURA EN MODELO ESTANDAR DE CONTROL INTERNO PARA LA INSTITUCIONES PUBLICAS DEL PARAGUAY - MECIP,PRESENCIAL,,SIN_CLASIFICAR,
ASUNCION,TECNICATURA EN PIE DIABETICO,PRESENCIAL,,SIN_CLASIFICAR,
ASUNCION,TECNICO SUPERIOR EN ENTRENAMIENTO PERSONALIZADO,PRESENCIAL,,SIN_CLASIFICAR,
ASUNCION,TELECOMUNICACIONES,PRESENCIAL,Ciencias Sociales,SIN_CLASIFICAR,
ASUNCION,TELECOMUNICACIONES,PRESENCIAL,Ciencias Sociales,SIN_CLASIFICAR,
ASUNCION,TELECOMUNICACIONES,PRESENCIAL,Ciencias Sociales,SIN_CLASIFICAR,
ASUNCION,TELECOMUNICACIONES,PRESENCIAL,Ciencias Sociales,SIN_CLASIFICAR,
ASUNCION,TELECOMUNICACIONES,PRESENCIAL,Ciencias Sociales,SIN_CLASIFICAR,
ASUNCION,TELECOMUNICACIONES,PRESENCIAL,Ciencias Sociales,SIN_CLASIFICAR,
ASUNCION,TEOLOGIA,PRESENCIAL,Humanidades,SIN_CLASIFICAR,
ASUNCION,TEOLOGIA,PRESENCIAL,Humanidades,SIN_CLASIFICAR,
ASUNCION,TEOLOGIA,SEMIPRESENCIAL_DISTANCIA,Humanidades,SIN_CLASIFICAR,
ASUNCION,TEOLOGIA,PRESENCIAL,Humanidades,SIN_CLASIFICAR,
ASUNCION,TEOLOGIA,PRESENCIAL,Humanidades,SIN_CLASIFICAR,
ASUNCION,TEOLOGIA,PRESENCIAL,Humanidades,SIN_CLASIFICAR,
ASUNCION,TEOLOGIA,PRESENCIAL,Humanidades,SIN_CLASIFICAR,
ASUNCION,TEOLOGIA,PRESENCIAL,Humanidades,SIN_CLASIFICAR,
ASUNCION,TEOLOGIA,PRESENCIAL,Humanidades,SIN_CLASIFICAR,
ASUNCION,TEOLOGIA,PRESENCIAL,Humanidades,SIN_CLASIFICAR,
ASUNCION,TEOLOGIA,PRESENCIAL,Humanidades,SIN_CLASIFICAR,
ASUNCION,TEOLOGIA,PRESENCIAL,Humanidades,SIN_CLASIFICAR,
ASUNCION,TEOLOGIA PRACTICA,PRESENCIAL,Humanidades,SIN_CLASIFICAR,
ASUNCION,TEOLOGIA PRACTICA,PRESENCIAL,Humanidades,SIN_CLASIFICAR,
ASUNCION,TEOLOGIA PRACTICA,PRESENCIAL,Humanidades,SIN_CLASIFICAR,
ASUNCION,TEOLOGIA PRACTICA,PRESENCIAL,Humanidades,SIN_CLASIFICAR,
ASUNCION,TEOLOGIA PRACTICA,PRESENCIAL,Humanidades,SIN_CLASIFICAR,
ASUNCION,TEOLOGIA PRACTICA,PRESENCIAL,Humanidades,SIN_CLASIFICAR,
ASUNCION,TEOLOGIA PRACTICA,PRESENCIAL,Humanidades,SIN_CLASIFICAR,
ASUNCION,TEOLOGIA PRACTICA,PRESENCIAL,Humanidades,SIN_CLASIFICAR,
ASUNCION,TEORIA DEL ESTADO,PRESENCIAL,Ciencias Naturales,SIN_CLASIFICAR,
ASUNCION,TRABAJO SOCIAL,PRESENCIAL,Ciencias Medicas y Salud,SIN_CLASIFICAR,
ASUNCION,TRABAJO SOCIAL,PRESENCIAL,Ciencias Medicas y Salud,SIN_CLASIFICAR,
ASUNCION,TRABAJO SOCIAL,PRESENCIAL,Ciencias Medicas y Salud,SIN_CLASIFICAR,
ASUNCION,TRABAJO SOCIAL,PRESENCIAL,Ciencias Medicas y Salud,SIN_CLASIFICAR,
ASUNCION,TRABAJO Y SEGURIDAD SOCIAL,PRESENCIAL,,SIN_CLASIFICAR,
ASUNCION,TRASTORNOS ALIMENTARIOS Y OBESIDAD,PRESENCIAL,,SIN_CLASIFICAR,
ASUNCION,TRASTORNOS DE APRENDIZAJE,PRESENCIAL,Ciencias Sociales,SIN_CLASIFICAR,
ASUNCION,TRATAMIENTO POR ADICCIONES,PRESENCIAL,Ciencias Medicas y Salud,SIN_CLASIFICAR,
ASUNCION,TRAUMA ORTOPEDICO,PRESENCIAL,Ciencias Medicas y Salud,SIN_CLASIFICAR,
ASUNCION,TUTORÍA VIRTUAL,PRESENCIAL,,SIN_CLASIFICAR,
ASUNCION,Taller de protección integral a la mujer contra toda forma de violencia,PRESENCIAL,,SIN_CLASIFICAR,
ASUNCION,Taller de protección integral a la mujer contra toda forma de violencia,PRESENCIAL,,SIN_CLASIFICAR,
ASUNCION,Taller de protección integral a la mujer contra toda forma de violencia,PRESENCIAL,,SIN_CLASIFICAR,
ASUNCION,Teorias del Estado,PRESENCIAL,Ciencias Naturales,SIN_CLASIFICAR,
ASUNCION,VOLEIBOL,PRESENCIAL,,SIN_CLASIFICAR,
ASUNCION,VOLEIBOL,PRESENCIAL,,SIN_CLASIFICAR,
BOQUERON,Aprendiendo juntos,PRESENCIAL,,SIN_CLASIFICAR,
BOQUERON,"CAPACITACIÒN ""CONSTRUYENDO ESTRATEGIAS PARA UN APRENDIZAJE DE CALIDAD - 1ª FASE""",PRESENCIAL,,SIN_CLASIFICAR,
BOQUERON,"CAPACITACIÒN ""CONSTRUYENDO ESTRATEGIAS PARA UN APRENDIZAJE DE CALIDAD - 2ª FASE""",PRESENCIAL,,SIN_CLASIFICAR,
BOQUERON,"CAPACITACIÓN ""COMPARTIENDO LO APRENDIDO""",PRESENCIAL,,SIN_CLASIFICAR,
BOQUERON,"CAPACITACIÓN ""FORTALECIENDO SABERES""",PRESENCIAL,,SIN_CLASIFICAR,
BOQUERON,"CAPACITACIÓN ""MANOS A LA INNOVACIÓN""",PRESENCIAL,,SIN_CLASIFICAR,
BOQUERON,"Capacitación ""Cosmovisión y espiritualidad del mundo indigena""",PRESENCIAL,,SIN_CLASIFICAR,
BOQUERON,"Capacitación ""Metadología Quantum Learning - Espacios para crecer""",PRESENCIAL,,SIN_CLASIFICAR,
BOQUERON,DIAGNOSTICO POR IMAGENES,PRESENCIAL,Ciencias Medicas y Salud,SIN_CLASIFICAR,
BOQUERON,DISEÑO DE MODA EN INDUMENTARIA FEMENINA,PRESENCIAL,,SIN_CLASIFICAR,
BOQUERON,Taller de protección integral a la mujer contra toda forma de violencia,PRESENCIAL,,SIN_CLASIFICAR,
CAAGUAZU,AGROMETEOROLOGIA Y GESTION DE RIESGOS,PRESENCIAL,Ciencias Agricolas,SIN_CLASIFICAR,
CAAGUAZU,ASISTENTE DENTAL,PRESENCIAL,,SIN_CLASIFICAR,
CAAGUAZU,"CAPACITACIÓN ""LA INTERSUBJETIVIDAD A LO LARGO DE LA VIDA""",PRESENCIAL,,SIN_CLASIFICAR,
CAAGUAZU,CIENCIAS POLITICAS,PRESENCIAL,,SIN_CLASIFICAR,
CAAGUAZU,CIENCIAS POLITICAS Y RELACIONES INTERNACIONALES,PRESENCIAL,,SIN_CLASIFICAR,
CAAGUAZU,CIRUGIA GENERAL Y ONCOLOGICA,PRESENCIAL,Ciencias Medicas y Salud,SIN_CLASIFICAR,
CAAGUAZU,COMUNICACION SOCIAL Y MANEJO DE MEDIOS ALTERNATIVOS DE LA COMUNICACION,PRESENCIAL,Ciencias Sociales,SIN_CLASIFICAR,
CAAGUAZU,"Capacitación ""Problemas de conductas y dificultades de aprendizaje""",PRESENCIAL,,SIN_CLASIFICAR,
CAAGUAZU,Conociendo la EPJA en Paraguay,PRESENCIAL,,SIN_CLASIFICAR,
CAAGUAZU,"Curso de Capacitacion Denominado ""Competencias Comunicativas en Lengua Inglesa""",SEMIPRESENCIAL_DISTANCIA,Ciencias Sociales,SIN_CLASIFICAR,
CAAGUAZU,DEPORTE Y RECREACION,PRESENCIAL,,SIN_CLASIFICAR,
CAAGUAZU,DISEÑO DE MODAS Y ALTA COSTURA,PRESENCIAL,,SIN_CLASIFICAR,
CAAGUAZU,DISEÑO GRAFICO,PRESENCIAL,Humanidades,SIN_CLASIFICAR,
CAAGUAZU,DISEÑO GRAFICO,PRESENCIAL,Humanidades,SIN_CLASIFICAR,
CAAGUAZU,ECOGRAFIA GENERAL,PRESENCIAL,Ciencias Medicas y Salud,SIN_CLASIFICAR,
CAAGUAZU,EMERGENTOLOGIA,PRESENCIAL,Ciencias Medicas y Salud,SIN_CLASIFICAR,
CAAGUAZU,ENTRENADOR DE FUTBOL DE CAMPO,PRESENCIAL,,SIN_CLASIFICAR,
CAAGUAZU,ENTRENAMIENTO PERSONAL,PRESENCIAL,,SIN_CLASIFICAR,
CAAGUAZU,Estimulación Temprana y Desarrollo Infantil,PRESENCIAL,,SIN_CLASIFICAR,
CAAGUAZU,FUTBOL DE CAMPO,PRESENCIAL,,SIN_CLASIFICAR,
CAAGUAZU,Fortaleciendo el aprendizaje a lo largo de la vida,PRESENCIAL,,SIN_CLASIFICAR,
CAAGUAZU,GESTION DEPORTIVA,PRESENCIAL,,SIN_CLASIFICAR,
CAAGUAZU,GESTION DEPORTIVA,PRESENCIAL,,SIN_CLASIFICAR,
CAAGUAZU,GESTION DEPORTIVA,PRESENCIAL,,SIN_CLASIFICAR,
CAAGUAZU,IMPLANTOLOGIA ORAL,PRESENCIAL,Ciencias Medicas y Salud,SIN_CLASIFICAR,
CAAGUAZU,INCURSIONANDO HACIA LAS NTIC,PRESENCIAL,,SIN_CLASIFICAR,
CAAGUAZU,INGLÉS,PRESENCIAL,,SIN_CLASIFICAR,
CAAGUAZU,INGLÉS,PRESENCIAL,,SIN_CLASIFICAR,
CAAGUAZU,INGLÉS,PRESENCIAL,,SIN_CLASIFICAR,
CAAGUAZU,INVESTIGACIONES,PRESENCIAL,,SIN_CLASIFICAR,
CAAGUAZU,INVESTIGACIONES,PRESENCIAL,,SIN_CLASIFICAR,
CAAGUAZU,INVESTIGACIONES,PRESENCIAL,,SIN_CLASIFICAR,
CAAGUAZU,Jaikuaarekavo,PRESENCIAL,,SIN_CLASIFICAR,
CAAGUAZU,La EPJA y sus desafíos,PRESENCIAL,,SIN_CLASIFICAR,
CAAGUAZU,MASAJE ESTETICO,PRESENCIAL,,SIN_CLASIFICAR,
CAAGUAZU,MATEMATICA,PRESENCIAL,Ciencias Naturales,SIN_CLASIFICAR,
CAAGUAZU,METODOLOGÍA DE LA INVESTIGACIÓN CIENTIFICA,PRESENCIAL,Ciencias Sociales,SIN_CLASIFICAR,
CAAGUAZU,METODOLOGÍA DE LA INVESTIGACIÓN CIENTIFICA,PRESENCIAL,Ciencias Sociales,SIN_CLASIFICAR,
CAAGUAZU,METODOLOGÍA Y TÉCNICAS DE LA INVETIGACIÓN CIENTÍFICA,PRESENCIAL,,SIN_CLASIFICAR,
CAAGUAZU,MUSICA,PRESENCIAL,Humanidades,SIN_CLASIFICAR,
CAAGUAZU,PERIODISMO,PRESENCIAL,,SIN_CLASIFICAR,
CAAGUAZU,PERIODISMO DEPORTIVO,PRESENCIAL,,SIN_CLASIFICAR,
CAAGUAZU,POLITICA Y RELACIONES INTERNACIONALES,PRESENCIAL,,SIN_CLASIFICAR,
CAAGUAZU,PREPARACIÓN FÍSICA DEPORTIVA Y ENTRENAMIENTO PERSONALIZADO,PRESENCIAL,Ciencias Naturales,SIN_CLASIFICAR,
CAAGUAZU,PREPARACIÓN FÍSICA DEPORTIVA Y ENTRENAMIENTO PERSONALIZADO,PRESENCIAL,Ciencias Naturales,SIN_CLASIFICAR,
CAAGUAZU,PREPARADOR FISICO Y DIRECTOR TECNICO,PRESENCIAL,Ciencias Naturales,SIN_CLASIFICAR,
CAAGUAZU,PREVENCIÓN Y SEGURIDAD,PRESENCIAL,,SIN_CLASIFICAR,
CAAGUAZU,PREVENCIÓN Y SEGURIDAD,PRESENCIAL,,SIN_CLASIFICAR,
CAAGUAZU,PREVENCIÓN Y SEGURIDAD,PRESENCIAL,,SIN_CLASIFICAR,
CAAGUAZU,QUIROMASAJE,PRESENCIAL,Ciencias Medicas y Salud,SIN_CLASIFICAR,
CAAGUAZU,QUIROMASAJE,PRESENCIAL,Ciencias Medicas y Salud,SIN_CLASIFICAR,
CAAGUAZU,SANIDAD Y BIENESTAR ANIMAL,PRESENCIAL,,SIN_CLASIFICAR,
CAAGUAZU,"Seminario Internacional Denominado ""Metodologias con Enfoques Steam""",SEMIPRESENCIAL_DISTANCIA,,SIN_CLASIFICAR,
CAAGUAZU,TECNICATAURA EN FORMULACION Y EJECUCION DE PROYECTOS PARA LA BUENA GESTION INSTITUCIONAL,PRESENCIAL,,SIN_CLASIFICAR,
CAAGUAZU,TECNICATURA EN CONTRATACIONES PUBLICAS,PRESENCIAL,,SIN_CLASIFICAR,
CAAGUAZU,TECNICATURA EN ELABORACION Y EVALUACION DE PROYECTOS PUBLICOS,PRESENCIAL,,SIN_CLASIFICAR,
CAAGUAZU,TECNICATURA EN GESTION POLITICA ANTI LAVADO DE DINERO,PRESENCIAL,,SIN_CLASIFICAR,
CAAGUAZU,TECNICATURA EN GESTION Y DIRECCION DE PROYECTOS,PRESENCIAL,,SIN_CLASIFICAR,
CAAGUAZU,TECNICATURA EN METODOLOGIA Y TECNICAS DE INVESTIGACION CIENTIFICA,PRESENCIAL,,SIN_CLASIFICAR,
CAAGUAZU,TECNICATURA EN MODELO ESTANDAR DE CONTROL INTERNO PARA LA INSTITUCIONES PUBLICAS DEL PARAGUAY - MECIP,PRESENCIAL,,SIN_CLASIFICAR,
CAAGUAZU,TECNICATURA EN POLITICAS PUBLICAS,PRESENCIAL,,SIN_CLASIFICAR,
CAAGUAZU,Taller de protección integral a la mujer contra toda forma de violencia,PRESENCIAL,,SIN_CLASIFICAR,
CAAGUAZU,Taller de protección integral a la mujer contra toda forma de violencia,PRESENCIAL,,SIN_CLASIFICAR,
CAAGUAZU,Taller de protección integral a la mujer contra toda forma de violencia,PRESENCIAL,,SIN_CLASIFICAR,
CAAZAPA,Aprendiendo juntos,PRESENCIAL,,SIN_CLASIFICAR,
CAAZAPA,"CAPACITACIÓN "" DESARROLLO DE LAS HABILIDADES COMUNICATIVAS EN LENGUA CASTELLANA""",PRESENCIAL,Ciencias Sociales,SIN_CLASIFICAR,
CAAZAPA,"CAPACITACIÓN ""CONSTRUYENDO APRENDIZAJE SIGNIFICATIVO""",PRESENCIAL,,SIN_CLASIFICAR,
CAAZAPA,"CAPACITACIÓN ""CONSTRUYENDO APRENDIZAJES SIGNIFICATIVOS EN LA EPJA""",PRESENCIAL,,SIN_CLASIFICAR,
CAAZAPA,"CAPACITACIÓN ""FORTALECIENDO APRENDIZAJES DE LA EPJA""",PRESENCIAL,,SIN_CLASIFICAR,
CAAZAPA,"CAPACITACIÓN ""LEO, PIENSO Y APRENDO (LPA)""",PRESENCIAL,,SIN_CLASIFICAR,
CAAZAPA,"CAPACITACIÓN ""LEO, PIENSO Y APRENDO (LPA)""",PRESENCIAL,,SIN_CLASIFICAR,
CAAZAPA,"CAPACITACIÓN ""LEO, PIENSO Y APRENDO (LPA)""",PRESENCIAL,,SIN_CLASIFICAR,
CAAZAPA,"CAPACITACIÓN ""LEO, PIENSO, ESCRIBO Y APRENDO (LPEA)""",PRESENCIAL,,SIN_CLASIFICAR,
CAAZAPA,"CAPACITACIÓN ""LEO, PIENSO, ESCRIBO Y APRENDO (LPEA)""",PRESENCIAL,,SIN_CLASIFICAR,
CAAZAPA,"CAPACITACIÓN ""LEO, PIENSO, ESCRIBO Y APRENDO (LPEA)""",PRESENCIAL,,SIN_CLASIFICAR,
CAAZAPA,"CAPACITACIÓN ""MATEMÁTICAS PARAGUAY (MAPARA)""",PRESENCIAL,Ciencias Naturales,SIN_CLASIFICAR,
CAAZAPA,"CAPACITACIÓN ""MATEMÁTICAS PARAGUAY (MAPARA)""",PRESENCIAL,Ciencias Naturales,SIN_CLASIFICAR,
CAAZAPA,"CAPACITACIÓN ""MATEMÁTICAS PARAGUAY (MAPARA)""",PRESENCIAL,Ciencias Naturales,SIN_CLASIFICAR,
CAAZAPA,CIENCIA DEL SUELO Y ORDENAMIENTO TERRITORIAL,PRESENCIAL,Ciencias Naturales,SIN_CLASIFICAR,
CAAZAPA,CIENCIA DEL SUELO Y ORDENAMIENTO TERRITORIAL,PRESENCIAL,Ciencias Naturales,SIN_CLASIFICAR,
CAAZAPA,CIENCIA DEL SUELO Y ORDENAMIENTO TERRITORIAL,PRESENCIAL,Ciencias Naturales,SIN_CLASIFICAR,
CAAZAPA,CIENCIAS BASICAS,PRESENCIAL,Ciencias Sociales,SIN_CLASIFICAR,
CAAZAPA,Compartiendo conocimientos,PRESENCIAL,,SIN_CLASIFICAR,
CAAZAPA,Construyendo el aprendizaje de hoy,PRESENCIAL,,SIN_CLASIFICAR,
CAAZAPA,DESARROLLO RURAL TERRITORIAL,PRESENCIAL,,SIN_CLASIFICAR,
CAAZAPA,INGLES,PRESENCIAL,Ciencias Sociales,SIN_CLASIFICAR,
CAAZAPA,MATEMATICAS,PRESENCIAL,Ciencias Naturales,SIN_CLASIFICAR,
CAAZAPA,PERIODISMO,PRESENCIAL,,SIN_CLASIFICAR,
CAAZAPA,TEJIENDO SABERES,PRESENCIAL,,SIN_CLASIFICAR,
CAAZAPA,TUTORÍA VIRTUAL,SEMIPRESENCIAL_DISTANCIA,,SIN_CLASIFICAR,
CAAZAPA,Taller de protección integral a la mujer contra toda forma de violencia,PRESENCIAL,,SIN_CLASIFICAR,
CAAZAPA,Taller de protección integral a la mujer contra toda forma de violencia,PRESENCIAL,,SIN_CLASIFICAR,
CAAZAPA,Taller de protección integral a la mujer contra toda forma de violencia,PRESENCIAL,,SIN_CLASIFICAR,
CANINDEYU,"CAPACITACIÓN ""ÑAMYENDY TATA MBOHAPYHA""",PRESENCIAL,,SIN_CLASIFICAR,
CANINDEYU,GESTION DEPORTIVA EN FUTBOL DE CAMPO,PRESENCIAL,,SIN_CLASIFICAR,
CANINDEYU,Taller de protección integral a la mujer contra toda forma de violencia,PRESENCIAL,,SIN_CLASIFICAR,
CENTRAL,ALERGIA E INMUNOLOGIA CLINICA,PRESENCIAL,Ciencias Medicas y Salud,SIN_CLASIFICAR,
CENTRAL,"ANESTESIA, ANALGESIA Y REANIMACION",PRESENCIAL,Ciencias Medicas y Salud,SIN_CLASIFICAR,
CENTRAL,ANESTESIOLOGIA,PRESENCIAL,Ciencias Medicas y Salud,SIN_CLASIFICAR,
CENTRAL,ANESTESIOLOGIA Y REANIMACION,PRESENCIAL,Ciencias Medicas y Salud,SIN_CLASIFICAR,
CENTRAL,ANTROPOLOGIA Y GESTION CULTURAL,PRESENCIAL,,SIN_CLASIFICAR,
CENTRAL,ANTROPOLOGIA Y GESTION CULTURAL,PRESENCIAL,,SIN_CLASIFICAR,
CENTRAL,ANTROPOLOGIA Y GESTION CULTURAL,PRESENCIAL,,SIN_CLASIFICAR,
CENTRAL,ANTROPOLOGIA Y GESTION CULTURAL,PRESENCIAL,,SIN_CLASIFICAR,
CENTRAL,ANTROPOLOGIA Y GESTION CULTURAL,PRESENCIAL,,SIN_CLASIFICAR,
CENTRAL,ARTES VISUALES,PRESENCIAL,Humanidades,SIN_CLASIFICAR,
CENTRAL,"ASESORIA DE IMAGEN, ETIQUETA Y PROTOCOLO",PRESENCIAL,,SIN_CLASIFICAR,
CENTRAL,ASISTENTE DENTAL,PRESENCIAL,,SIN_CLASIFICAR,
CENTRAL,ATENCION INTEGRAL DEL ADULTO MAYOR,PRESENCIAL,,SIN_CLASIFICAR,
CENTRAL,BANDA DE MUSICOS,PRESENCIAL,,SIN_CLASIFICAR,
CENTRAL,BIOETICA,PRESENCIAL,Humanidades,SIN_CLASIFICAR,
CENTRAL,CALCULISTA DE PRODUCCION,PRESENCIAL,,SIN_CLASIFICAR,
CENTRAL,CAPACITACION EN LENGUA GUARANI,PRESENCIAL,,SIN_CLASIFICAR,
CENTRAL,CAPACITACION EN LENGUA GUARANI,PRESENCIAL,,SIN_CLASIFICAR,
CENTRAL,CAPACITACION EN LENGUA GUARANI PARA PRINCIPIANTES,PRESENCIAL,,SIN_CLASIFICAR,
CENTRAL,CAPACITACIÓN EN EL USO DE LAS HERRAMIENTAS DIGITALES,PRESENCIAL,,SIN_CLASIFICAR,
CENTRAL,CAPELLANIA,PRESENCIAL,,SIN_CLASIFICAR,
CENTRAL,CIENCIA DEL SUELO Y ORDENAMIENTO TERRITORIAL,PRESENCIAL,Ciencias Naturales,SIN_CLASIFICAR,
CENTRAL,CIENCIA DEL SUELO Y ORDENAMIENTO TERRITORIAL,PRESENCIAL,Ciencias Naturales,SIN_CLASIFICAR,
CENTRAL,CIENCIA DEL SUELO Y ORDENAMIENTO TERRITORIAL,PRESENCIAL,Ciencias Naturales,SIN_CLASIFICAR,
CENTRAL,CIENCIA POLITICA,PRESENCIAL,,SIN_CLASIFICAR,
CENTRAL,CIENCIAS AGRARIAS,PRESENCIAL,Ciencias Agricolas,SIN_CLASIFICAR,
CENTRAL,CIENCIAS ATMOSFERICAS,PRESENCIAL,Ciencias Naturales,SIN_CLASIFICAR,
CENTRAL,CIENCIAS BIOLOGICAS,PRESENCIAL,Ciencias Medicas y Salud,SIN_CLASIFICAR,
CENTRAL,CIENCIAS BIOLOGICAS,PRESENCIAL,Ciencias Medicas y Salud,SIN_CLASIFICAR,
CENTRAL,CIENCIAS BIOMOLECULARES,PRESENCIAL,Ciencias Naturales,SIN_CLASIFICAR,
CENTRAL,CIENCIAS DE LA COMUNICACION,PRESENCIAL,Ciencias Sociales,SIN_CLASIFICAR,
CENTRAL,CIENCIAS DE LA COMUNICACION,PRESENCIAL,Ciencias Sociales,SIN_CLASIFICAR,
CENTRAL,CIENCIAS DE LA COMUNICACION,PRESENCIAL,Ciencias Sociales,SIN_CLASIFICAR,
CENTRAL,CIENCIAS DE LA COMUNICACION,PRESENCIAL,Ciencias Sociales,SIN_CLASIFICAR,
CENTRAL,CIENCIAS DE LA COMUNICACION SOCIAL Y PERIODISMO,PRESENCIAL,Ciencias Sociales,SIN_CLASIFICAR,
CENTRAL,CIENCIAS DE LA PISCICULTURA,PRESENCIAL,,SIN_CLASIFICAR,
CENTRAL,CIENCIAS DE LOS ALIMENTOS,PRESENCIAL,Ingenieria y Tecnologia,SIN_CLASIFICAR,
CENTRAL,CIENCIAS DE LOS ALIMENTOS,PRESENCIAL,Ingenieria y Tecnologia,SIN_CLASIFICAR,
CENTRAL,CIENCIAS DEL DEPORTE,PRESENCIAL,,SIN_CLASIFICAR,
CENTRAL,CIENCIAS DEL DEPORTE,PRESENCIAL,,SIN_CLASIFICAR,
CENTRAL,CIENCIAS DEL DEPORTE,PRESENCIAL,,SIN_CLASIFICAR,
CENTRAL,CIENCIAS DEL DEPORTE,PRESENCIAL,,SIN_CLASIFICAR,
CENTRAL,CIENCIAS DEL MOVIMIENTO HUMANO Y DEL DEPORTE,PRESENCIAL,,SIN_CLASIFICAR,
CENTRAL,CIENCIAS EMPRESARIALES,PRESENCIAL,Ciencias Sociales,SIN_CLASIFICAR,
CENTRAL,CIENCIAS EMPRESARIALES,PRESENCIAL,Ciencias Sociales,SIN_CLASIFICAR,
CENTRAL,CIENCIAS EMPRESARIALES,PRESENCIAL,Ciencias Sociales,SIN_CLASIFICAR,
CENTRAL,CIENCIAS EMPRESARIALES,PRESENCIAL,Ciencias Sociales,SIN_CLASIFICAR,
CENTRAL,CIENCIAS EXACTAS,PRESENCIAL,Ciencias Naturales,SIN_CLASIFICAR,
CENTRAL,"CIENCIAS EXACTAS, NATURALES Y SUS APLICACIONES",PRESENCIAL,,SIN_CLASIFICAR,
CENTRAL,CIENCIAS FISICAS DE LA RADIOPROTECCION,PRESENCIAL,Ciencias Naturales,SIN_CLASIFICAR,
CENTRAL,CIENCIAS FISICAS DE LA RADIOPROTECCION,PRESENCIAL,Ciencias Naturales,SIN_CLASIFICAR,
CENTRAL,CIENCIAS GEOGRAFICAS,PRESENCIAL,Ciencias Naturales,SIN_CLASIFICAR,
CENTRAL,CIENCIAS GEOLOGÍA,PRESENCIAL,,SIN_CLASIFICAR,
CENTRAL,CIENCIAS MATEMATICAS,PRESENCIAL,Ciencias Naturales,SIN_CLASIFICAR,
CENTRAL,CIENCIAS MATEMATICAS,PRESENCIAL,Ciencias Naturales,SIN_CLASIFICAR,
CENTRAL,CIENCIAS MATEMATICAS,PRESENCIAL,Ciencias Naturales,SIN_CLASIFICAR,
CENTRAL,CIENCIAS MENCION BIOLOGIA,PRESENCIAL,Ciencias Naturales,SIN_CLASIFICAR,
CENTRAL,CIENCIAS MENCION FISICA,PRESENCIAL,Ciencias Naturales,SIN_CLASIFICAR,
CENTRAL,CIENCIAS MENCIÓN  MATEMÁTICA PURA,PRESENCIAL,Ciencias Naturales,SIN_CLASIFICAR,
CENTRAL,CIENCIAS MENCIÓN GEOLOGÍA,PRESENCIAL,Ciencias Naturales,SIN_CLASIFICAR,
CENTRAL,CIENCIAS MENCIÓN MATEMÁTICA ESTADÍSTICA,PRESENCIAL,Ciencias Naturales,SIN_CLASIFICAR,
CENTRAL,CIENCIAS MENCIÓN MATEMÁTICA ESTADÍSTICA,SEMIPRESENCIAL_DISTANCIA,Ciencias Naturales,SIN_CLASIFICAR,
CENTRAL,CIENCIAS MENCIÓN QUÍMICA,PRESENCIAL,Ciencias Naturales,SIN_CLASIFICAR,
CENTRAL,CIENCIAS MILITARES,PRESENCIAL,,SIN_CLASIFICAR,
CENTRAL,CIENCIAS POLITICAS,PRESENCIAL,,SIN_CLASIFICAR,
CENTRAL,CIENCIAS POLITICAS Y RELACIONES INTERNACIONALES,PRESENCIAL,,SIN_CLASIFICAR,
CENTRAL,CIENCIAS SOCIALES,PRESENCIAL,,SIN_CLASIFICAR,
CENTRAL,CIENCIAS SOCIALES,SEMIPRESENCIAL_DISTANCIA,,SIN_CLASIFICAR,
CENTRAL,CIENCIAS SOCIALES,PRESENCIAL,,SIN_CLASIFICAR,
CENTRAL,CIENCIAS SOCIALES,PRESENCIAL,,SIN_CLASIFICAR,
CENTRAL,CIENCIAS SOCIALES,PRESENCIAL,,SIN_CLASIFICAR,
CENTRAL,CIENCIAS SOCIALES,PRESENCIAL,,SIN_CLASIFICAR,
CENTRAL,CIENCIAS SOCIALES,PRESENCIAL,,SIN_CLASIFICAR,
CENTRAL,CIRUGIA CARDIACA,PRESENCIAL,Ciencias Medicas y Salud,SIN_CLASIFICAR,
CENTRAL,CIRUGIA DE TRAUMA,PRESENCIAL,Ciencias Medicas y Salud,SIN_CLASIFICAR,
CENTRAL,"CIRUGIA DEL COLON, RECTO Y ANO",PRESENCIAL,Ciencias Medicas y Salud,SIN_CLASIFICAR,
CENTRAL,CIRUGIA GENERAL,PRESENCIAL,Ciencias Medicas y Salud,SIN_CLASIFICAR,
CENTRAL,CIRUGIA PEDIATRICA,PRESENCIAL,Ciencias Medicas y Salud,SIN_CLASIFICAR,
CENTRAL,CIRUGIA VASCULAR PERIFERICA,PRESENCIAL,Ciencias Medicas y Salud,SIN_CLASIFICAR,
CENTRAL,CIRUGÍA DE CABEZA Y CUELLO,PRESENCIAL,,SIN_CLASIFICAR,
CENTRAL,CIRUGÍA TORÁCICA,PRESENCIAL,Ciencias Medicas y Salud,SIN_CLASIFICAR,
CENTRAL,COMUNICACION AUDIOVISUAL,PRESENCIAL,Ciencias Sociales,SIN_CLASIFICAR,
CENTRAL,COMUNICACION BILINGUE CASTELLANO - INGLES,PRESENCIAL,Ciencias Sociales,SIN_CLASIFICAR,
CENTRAL,COMUNICACION BILINGUE CASTELLANO - INGLES,PRESENCIAL,Ciencias Sociales,SIN_CLASIFICAR,
CENTRAL,COMUNICACION SOCIAL Y MEDIOS ALTERNATIVOS A LA COMUNICACION,PRESENCIAL,Ciencias Sociales,SIN_CLASIFICAR,
CENTRAL,COMUNICACIÓN BILINGÜE CASTELLANO - INGLÉS,PRESENCIAL,Ciencias Sociales,SIN_CLASIFICAR,
CENTRAL,CONDUCCION DE MAQUINAS PESADAS,PRESENCIAL,,SIN_CLASIFICAR,
CENTRAL,CONSEJERIA PASTORAL,SEMIPRESENCIAL_DISTANCIA,Humanidades,SIN_CLASIFICAR,
CENTRAL,CONSEJERIA PASTORAL,SEMIPRESENCIAL_DISTANCIA,Humanidades,SIN_CLASIFICAR,
CENTRAL,CONTRATACIONES PUBLICAS,PRESENCIAL,Ciencias Sociales,SIN_CLASIFICAR,
CENTRAL,CONTROL DE TRANSITO AEREO,PRESENCIAL,,SIN_CLASIFICAR,
CENTRAL,CONTROL DE TRANSITO AEREO,PRESENCIAL,,SIN_CLASIFICAR,
CENTRAL,CONTROL DE TRANSITO AEREO,PRESENCIAL,,SIN_CLASIFICAR,
CENTRAL,CONTROL DE TRANSITO AEREO,PRESENCIAL,,SIN_CLASIFICAR,
CENTRAL,CONTROL DE TRANSITO AEREO,PRESENCIAL,,SIN_CLASIFICAR,
CENTRAL,"CUIDADO ALTERNATIVO DE NIÑAS, NIÑOS Y ADOLESCENTES SEPARADOS DE SU ENTORNO FAMILIAR",PRESENCIAL,,SIN_CLASIFICAR,
CENTRAL,CUIDADOS PALIATIVOS,PRESENCIAL,Ciencias Medicas y Salud,SIN_CLASIFICAR,
CENTRAL,CUIDADOS PALIATIVOS,PRESENCIAL,Ciencias Medicas y Salud,SIN_CLASIFICAR,
CENTRAL,Capellanía y liderazgo cristiano,PRESENCIAL,,SIN_CLASIFICAR,
CENTRAL,Ciencias - Estadística,PRESENCIAL,Ciencias Naturales,SIN_CLASIFICAR,
CENTRAL,Ciencias - Física,PRESENCIAL,Ciencias Naturales,SIN_CLASIFICAR,
CENTRAL,Ciencias - Matemáticas (Puras),PRESENCIAL,Ciencias Naturales,SIN_CLASIFICAR,
CENTRAL,Ciencias - Química,PRESENCIAL,Ciencias Naturales,SIN_CLASIFICAR,
CENTRAL,Ciencias Físicas,PRESENCIAL,Ciencias Naturales,SIN_CLASIFICAR,
CENTRAL,Ciencias Matemáticas - Estadística,PRESENCIAL,Ciencias Naturales,SIN_CLASIFICAR,
CENTRAL,Ciencias Químico Biológicas Mención: Química de Productos Naturales,PRESENCIAL,Ciencias Naturales,SIN_CLASIFICAR,
CENTRAL,Ciencias con Mención: Biología de la Conservación,PRESENCIAL,Ciencias Naturales,SIN_CLASIFICAR,
CENTRAL,DANZA,PRESENCIAL,Humanidades,SIN_CLASIFICAR,
CENTRAL,"DEMOGRAFIA, POBLACION Y DESARROLLO",PRESENCIAL,,SIN_CLASIFICAR,
CENTRAL,DERMATOLOGIA,PRESENCIAL,Ciencias Medicas y Salud,SIN_CLASIFICAR,
CENTRAL,DERMATOLOGIA,PRESENCIAL,Ciencias Medicas y Salud,SIN_CLASIFICAR,
CENTRAL,DESARROLLO,PRESENCIAL,,SIN_CLASIFICAR,
CENTRAL,DESARROLLO LOCAL SOSTENIBLE,PRESENCIAL,,SIN_CLASIFICAR,
CENTRAL,DESARROLLO LOCAL SOSTENIBLE,PRESENCIAL,,SIN_CLASIFICAR,
CENTRAL,DESARROLLO LOCAL SOSTENIBLE,SEMIPRESENCIAL_DISTANCIA,,SIN_CLASIFICAR,
CENTRAL,DESARROLLO RURAL TERRITORIAL,PRESENCIAL,,SIN_CLASIFICAR,
CENTRAL,DIAGNOSTICO POR IMAGENES,PRESENCIAL,Ciencias Medicas y Salud,SIN_CLASIFICAR,
CENTRAL,DISEÑO DE INDUMENTARIA ESCENICA Y URBANA,PRESENCIAL,Humanidades,SIN_CLASIFICAR,
CENTRAL,DISEÑO DE INTERIORES,PRESENCIAL,Humanidades,SIN_CLASIFICAR,
CENTRAL,DISEÑO DE MODA EN INDUMENTARIA FEMENINA,PRESENCIAL,,SIN_CLASIFICAR,
CENTRAL,DISEÑO DE MODA EN INDUMENTARIA FEMENINA,PRESENCIAL,,SIN_CLASIFICAR,
CENTRAL,DISEÑO DE MODA EN INDUMENTARIA FEMENINA,PRESENCIAL,,SIN_CLASIFICAR,
CENTRAL,DISEÑO DE MODA EN INDUMENTARIA FEMENINA,PRESENCIAL,,SIN_CLASIFICAR,
CENTRAL,DISEÑO DE MODA EN INDUMENTARIA FEMENINA,PRESENCIAL,,SIN_CLASIFICAR,
CENTRAL,DISEÑO DE MODA EN INDUMENTARIA FEMENINA,PRESENCIAL,,SIN_CLASIFICAR,
CENTRAL,DISEÑO DE MODA EN INDUMENTARIA FEMENINA,PRESENCIAL,,SIN_CLASIFICAR,
CENTRAL,DISEÑO DE MODA EN INDUMENTARIA FEMENINA,PRESENCIAL,,SIN_CLASIFICAR,
CENTRAL,DISEÑO DE MODAS,PRESENCIAL,Humanidades,SIN_CLASIFICAR,
CENTRAL,DISEÑO DE MODAS,PRESENCIAL,Humanidades,SIN_CLASIFICAR,
CENTRAL,DISEÑO DE MODAS,PRESENCIAL,Humanidades,SIN_CLASIFICAR,
CENTRAL,DISEÑO DE MODAS,PRESENCIAL,Humanidades,SIN_CLASIFICAR,
CENTRAL,DISEÑO DE MODAS,PRESENCIAL,Humanidades,SIN_CLASIFICAR,
CENTRAL,DISEÑO DE MODAS,PRESENCIAL,Humanidades,SIN_CLASIFICAR,
CENTRAL,DISEÑO DE MODAS,PRESENCIAL,Humanidades,SIN_CLASIFICAR,
CENTRAL,DISEÑO DE MODAS,PRESENCIAL,Humanidades,SIN_CLASIFICAR,
CENTRAL,DISEÑO DE MODAS,PRESENCIAL,Humanidades,SIN_CLASIFICAR,
CENTRAL,DISEÑO GRAFICO,PRESENCIAL,Humanidades,SIN_CLASIFICAR,
CENTRAL,DISEÑO GRAFICO,PRESENCIAL,Humanidades,SIN_CLASIFICAR,
CENTRAL,DISEÑO GRAFICO,PRESENCIAL,Humanidades,SIN_CLASIFICAR,
CENTRAL,DISEÑO GRAFICO,PRESENCIAL,Humanidades,SIN_CLASIFICAR,
CENTRAL,DISEÑO TEXTIL E INDUMENTARIA,PRESENCIAL,Humanidades,SIN_CLASIFICAR,
CENTRAL,DISEÑO Y COMUNICACION GRAFICA,PRESENCIAL,Ciencias Sociales,SIN_CLASIFICAR,
CENTRAL,Diseño de Muebles,PRESENCIAL,Humanidades,SIN_CLASIFICAR,
CENTRAL,Drenaje Linfático Manual,PRESENCIAL,,SIN_CLASIFICAR,
CENTRAL,ECOGRAFIA,PRESENCIAL,Ciencias Medicas y Salud,SIN_CLASIFICAR,
CENTRAL,ELABORACION DE PROYECTOS,PRESENCIAL,Ciencias Sociales,SIN_CLASIFICAR,
CENTRAL,"ELABORACION, EVALUACION Y GESTION DE PROYECTOS",SEMIPRESENCIAL_DISTANCIA,Ciencias Sociales,SIN_CLASIFICAR,
CENTRAL,"ELABORACION, GESTION Y EVALUACION DE PROYECTOS DE INVESTIGACION CIENTIFICA",PRESENCIAL,Ciencias Sociales,SIN_CLASIFICAR,
CENTRAL,"ELABORACION, GESTION Y EVALUACION DE PROYECTOS DE INVESTIGACION CIENTIFICA",PRESENCIAL,Ciencias Sociales,SIN_CLASIFICAR,
CENTRAL,"ELABORACION, GESTION Y EVALUACION DE PROYECTOS DE INVESTIGACION CIENTIFICA",PRESENCIAL,Ciencias Sociales,SIN_CLASIFICAR,
CENTRAL,EMERGENTOLOGIA PEDIATRICA,PRESENCIAL,Ciencias Medicas y Salud,SIN_CLASIFICAR,
CENTRAL,ENDOCRINOLOGIA Y METABOLISMO,PRESENCIAL,Ciencias Medicas y Salud,SIN_CLASIFICAR,
CENTRAL,"ENERGIA PARA EL DESARROLLO SOSTENIBLE, ENERGIAS RENOVABLES Y EFICIENCIA ENERGETICA",PRESENCIAL,Ingenieria y Tecnologia,SIN_CLASIFICAR,
CENTRAL,ENFERMEDADES AUTOINMUNES,PRESENCIAL,Ciencias Medicas y Salud,SIN_CLASIFICAR,
CENTRAL,ENSEÑANZA DE LA MATEMÁTICA,SEMIPRESENCIAL_DISTANCIA,Ciencias Naturales,SIN_CLASIFICAR,
CENTRAL,ESPECIALIZACION EN EVALUACION DE LOS APRENDIZAJES,SEMIPRESENCIAL_DISTANCIA,Ciencias Sociales,SIN_CLASIFICAR,
CENTRAL,ESPECIALIZACION EN EVALUACION DE LOS APRENDIZAJES,PRESENCIAL,Ciencias Sociales,SIN_CLASIFICAR,
CENTRAL,ESPECIALIZACION EN TECNICAS Y PROCEDIMIENTOS PARA LA ELABORACION Y TUTORIA DE TESIS,PRESENCIAL,Ciencias Sociales,SIN_CLASIFICAR,
CENTRAL,"ESPECIALIZACIÓN EN GESTIÓN, INNOVACIÓN BUENAS PRÁCTICAS DE PRODUCCIÓN Y MANEJO DE CADENAS PRODUCTIVAS: CARNE DE POLLO, CERDO Y LECHE DE VACA",PRESENCIAL,,SIN_CLASIFICAR,
CENTRAL,ESTADISTICA,PRESENCIAL,Ciencias Naturales,SIN_CLASIFICAR,
CENTRAL,ESTADISTICA Y METODOLOGIA DE LA INVESTIGACION CIENTIFICA BASICA Y APLICADA,PRESENCIAL,Ciencias Naturales,SIN_CLASIFICAR,
CENTRAL,ESTADÍSTICA Y METODOLOGÍA DE LA INVESTIGACIÓN CIENTÍFICA BÁSICA Y APLICADA,PRESENCIAL,Ciencias Naturales,SIN_CLASIFICAR,
CENTRAL,Elaboración y Evaluación de Proyectos de Inversión,PRESENCIAL,Ciencias Sociales,SIN_CLASIFICAR,
CENTRAL,"Entrenamiento propioceptivo, pliométrico y ejercicios coordinados",PRESENCIAL,,SIN_CLASIFICAR,
CENTRAL,FISICOQUIMICA,PRESENCIAL,Ciencias Naturales,SIN_CLASIFICAR,
CENTRAL,"FORMULACION, EVALUACION Y GESTION DE PROYECTOS DE INVERSION",PRESENCIAL,Ciencias Sociales,SIN_CLASIFICAR,
CENTRAL,"FORMULACIÓN, EVALUACIÓN Y GESTIÓN DE PROYECTOS",PRESENCIAL,Ciencias Sociales,SIN_CLASIFICAR,
CENTRAL,FUTBOL DE CAMPO,PRESENCIAL,,SIN_CLASIFICAR,
CENTRAL,FUTBOL DE CAMPO,PRESENCIAL,,SIN_CLASIFICAR,
CENTRAL,FUTBOL DE CAMPO,PRESENCIAL,,SIN_CLASIFICAR,
CENTRAL,FUTBOL DE CAMPO,PRESENCIAL,,SIN_CLASIFICAR,
CENTRAL,FUTBOL DE CAMPO,PRESENCIAL,,SIN_CLASIFICAR,
CENTRAL,FUTBOL DE CAMPO,PRESENCIAL,,SIN_CLASIFICAR,
CENTRAL,Fibrolisis TFM,PRESENCIAL,,SIN_CLASIFICAR,
CENTRAL,Fibromove,PRESENCIAL,,SIN_CLASIFICAR,
CENTRAL,GENERO Y DESARROLLO,PRESENCIAL,,SIN_CLASIFICAR,
CENTRAL,GEOPOLÍTICA,PRESENCIAL,,SIN_CLASIFICAR,
CENTRAL,GERENCIA Y DESARROLLO SOCIAL,PRESENCIAL,Ciencias Sociales,SIN_CLASIFICAR,
CENTRAL,GESTION DE CALIDAD,PRESENCIAL,Ciencias Sociales,SIN_CLASIFICAR,
CENTRAL,GESTION DE LA CALIDAD,PRESENCIAL,,SIN_CLASIFICAR,
CENTRAL,GESTION DE LA HOSPITALIDAD,PRESENCIAL,Ciencias Sociales,SIN_CLASIFICAR,
CENTRAL,GESTION DE LA INNOVACION,PRESENCIAL,Ciencias Sociales,SIN_CLASIFICAR,
CENTRAL,GESTION DE POLITICAS PUBLICAS Y GENERO,PRESENCIAL,,SIN_CLASIFICAR,
CENTRAL,GESTION DE PROYECTOS,PRESENCIAL,Ciencias Sociales,SIN_CLASIFICAR,
CENTRAL,GESTION DE RIESGOS LABORALES,PRESENCIAL,,SIN_CLASIFICAR,
CENTRAL,GESTION DE RIESGOS LABORALES,PRESENCIAL,,SIN_CLASIFICAR,
CENTRAL,GESTION DE RIESGOS LABORALES,PRESENCIAL,,SIN_CLASIFICAR,
CENTRAL,GESTION DE RIESGOS LABORALES,PRESENCIAL,,SIN_CLASIFICAR,
CENTRAL,GESTION DE RIESGOS LABORALES,PRESENCIAL,,SIN_CLASIFICAR,
CENTRAL,GESTION DE RIESGOS LABORALES,PRESENCIAL,,SIN_CLASIFICAR,
CENTRAL,GESTION DEPORTIVA,PRESENCIAL,,SIN_CLASIFICAR,
CENTRAL,GESTION TRIBUTARIA,PRESENCIAL,Ciencias Sociales,SIN_CLASIFICAR,
CENTRAL,GESTION TRIBUTARIA,PRESENCIAL,Ciencias Sociales,SIN_CLASIFICAR,
CENTRAL,GESTIÓN DE CRÉDITOS,PRESENCIAL,,SIN_CLASIFICAR,
CENTRAL,GESTIÓN UNIVERSITARIA,SEMIPRESENCIAL_DISTANCIA,,SIN_CLASIFICAR,
CENTRAL,Gestión Impositiva,PRESENCIAL,Ciencias Sociales,SIN_CLASIFICAR,
CENTRAL,Gestión de Proyectos de Desarrollo,PRESENCIAL,,SIN_CLASIFICAR,
CENTRAL,HEMATO-ONCOLOGIA PEDIATRICA,PRESENCIAL,Ciencias Medicas y Salud,SIN_CLASIFICAR,
CENTRAL,HISTORIA NACIONAL,PRESENCIAL,Humanidades,SIN_CLASIFICAR,
CENTRAL,Hacienda Pública,PRESENCIAL,Ciencias Sociales,SIN_CLASIFICAR,
CENTRAL,IMPLANTOLOGIA DENTAL,PRESENCIAL,Ciencias Medicas y Salud,SIN_CLASIFICAR,
CENTRAL,INFECTOLOGIA PEDIATRICA,PRESENCIAL,Ciencias Medicas y Salud,SIN_CLASIFICAR,
CENTRAL,INTENDENCIA,PRESENCIAL,,SIN_CLASIFICAR,
CENTRAL,INTENDENCIA,PRESENCIAL,,SIN_CLASIFICAR,
CENTRAL,INTENDENCIA,PRESENCIAL,,SIN_CLASIFICAR,
CENTRAL,INTENDENCIA,PRESENCIAL,,SIN_CLASIFICAR,
CENTRAL,INTENDENCIA,PRESENCIAL,,SIN_CLASIFICAR,
CENTRAL,INTENDENCIA,PRESENCIAL,,SIN_CLASIFICAR,
CENTRAL,INTERPRETE DE INSTRUMENTO MUSICAL,PRESENCIAL,,SIN_CLASIFICAR,
CENTRAL,INTERPRETE DE INSTRUMENTO MUSICAL,PRESENCIAL,,SIN_CLASIFICAR,
CENTRAL,INTERPRETE DE INSTRUMENTO MUSICAL,PRESENCIAL,,SIN_CLASIFICAR,
CENTRAL,INTERPRETE DE INSTRUMENTO MUSICAL,PRESENCIAL,,SIN_CLASIFICAR,
CENTRAL,INTERPRETE DE INSTRUMENTO MUSICAL,PRESENCIAL,,SIN_CLASIFICAR,
CENTRAL,INTERPRETE DE INSTRUMENTO MUSICAL,PRESENCIAL,,SIN_CLASIFICAR,
CENTRAL,INTERPRETE DE INSTRUMENTO MUSICAL,PRESENCIAL,,SIN_CLASIFICAR,
CENTRAL,INTERPRETE DE INSTRUMENTO MUSICAL,PRESENCIAL,,SIN_CLASIFICAR,
CENTRAL,INTERPRETE DE INSTRUMENTO MUSICAL,PRESENCIAL,,SIN_CLASIFICAR,
CENTRAL,INTERPRETE DE INSTRUMENTO MUSICAL,PRESENCIAL,,SIN_CLASIFICAR,
CENTRAL,INTERPRETE DE INSTRUMENTO MUSICAL,PRESENCIAL,,SIN_CLASIFICAR,
CENTRAL,INTERPRETE DE INSTRUMENTOS MUSICALES,PRESENCIAL,Humanidades,SIN_CLASIFICAR,
CENTRAL,INTERPRETE DE INSTRUMENTOS MUSICALES,PRESENCIAL,Humanidades,SIN_CLASIFICAR,
CENTRAL,INTERPRETE DE INSTRUMENTOS MUSICALES,PRESENCIAL,Humanidades,SIN_CLASIFICAR,
CENTRAL,INVESTIGACIONES,PRESENCIAL,,SIN_CLASIFICAR,
CENTRAL,INVESTIGACIONES,PRESENCIAL,,SIN_CLASIFICAR,
CENTRAL,INVESTIGACIONES,PRESENCIAL,,SIN_CLASIFICAR,
CENTRAL,INVESTIGACIONES,PRESENCIAL,,SIN_CLASIFICAR,
CENTRAL,INVESTIGACIONES,PRESENCIAL,,SIN_CLASIFICAR,
CENTRAL,INVESTIGACIONES,PRESENCIAL,,SIN_CLASIFICAR,
CENTRAL,Intérprete de instrumento musical,PRESENCIAL,,SIN_CLASIFICAR,
CENTRAL,LENGUA GUARANI,SEMIPRESENCIAL_DISTANCIA,Humanidades,SIN_CLASIFICAR,
CENTRAL,LENGUA GUARANI,PRESENCIAL,Humanidades,SIN_CLASIFICAR,
CENTRAL,LENGUA INGLESA,PRESENCIAL,Humanidades,SIN_CLASIFICAR,
CENTRAL,LENGUA PORTUGUESA,PRESENCIAL,Humanidades,SIN_CLASIFICAR,
CENTRAL,LENGUA Y CULTURA GUARANI,PRESENCIAL,Humanidades,SIN_CLASIFICAR,
CENTRAL,LENGUA Y CULTURA GUARANI,PRESENCIAL,Humanidades,SIN_CLASIFICAR,
CENTRAL,LENGUA Y LITERATURA CASTELLANO-GUARANI,PRESENCIAL,,SIN_CLASIFICAR,
CENTRAL,LICENCIATURA EN COMUNICACIÓN BILINGÜE  CASTELLANO - INGLÉS,PRESENCIAL,Ciencias Sociales,SIN_CLASIFICAR,
CENTRAL,LIDERAZGO PASTORAL,SEMIPRESENCIAL_DISTANCIA,Humanidades,SIN_CLASIFICAR,
CENTRAL,MANTENIMIENTO DE EQUIPOS HOSPITALARIOS,PRESENCIAL,,SIN_CLASIFICAR,
CENTRAL,MASTOLOGIA,PRESENCIAL,Ciencias Medicas y Salud,SIN_CLASIFICAR,
CENTRAL,MATEMATICA,PRESENCIAL,Ciencias Naturales,SIN_CLASIFICAR,
CENTRAL,MATEMATICA,PRESENCIAL,Ciencias Naturales,SIN_CLASIFICAR,
CENTRAL,MATEMATICA,PRESENCIAL,Ciencias Naturales,SIN_CLASIFICAR,
CENTRAL,MATEMATICA,PRESENCIAL,Ciencias Naturales,SIN_CLASIFICAR,
CENTRAL,MATEMATICA,PRESENCIAL,Ciencias Naturales,SIN_CLASIFICAR,
CENTRAL,MATEMATICA,PRESENCIAL,Ciencias Naturales,SIN_CLASIFICAR,
CENTRAL,MATEMATICA,PRESENCIAL,Ciencias Naturales,SIN_CLASIFICAR,
CENTRAL,MATEMATICA,PRESENCIAL,Ciencias Naturales,SIN_CLASIFICAR,
CENTRAL,MATEMATICA,PRESENCIAL,Ciencias Naturales,SIN_CLASIFICAR,
CENTRAL,MATEMATICA,PRESENCIAL,Ciencias Naturales,SIN_CLASIFICAR,
CENTRAL,MATEMATICA APLICADA,PRESENCIAL,Ciencias Naturales,SIN_CLASIFICAR,
CENTRAL,MEDIACION Y ARBITRAJE DE CONFLICTO,PRESENCIAL,Ciencias Sociales,SIN_CLASIFICAR,
CENTRAL,MEDIACION Y ARBITRAJE DE CONFLICTO,PRESENCIAL,Ciencias Sociales,SIN_CLASIFICAR,
CENTRAL,MEDIACION Y RESOLUCION DE CONFLICTOS,PRESENCIAL,Ciencias Sociales,SIN_CLASIFICAR,
CENTRAL,MEDIACIÓN Y ARBITRAJE DE CONFLICTOS,PRESENCIAL,Ciencias Sociales,SIN_CLASIFICAR,
CENTRAL,METEOROLOGIA GENERAL,PRESENCIAL,,SIN_CLASIFICAR,
CENTRAL,METODOLOGIA DE LA INVESTIGACION,PRESENCIAL,Ciencias Sociales,SIN_CLASIFICAR,
CENTRAL,METODOLOGIA DE LA INVESTIGACION,PRESENCIAL,Ciencias Sociales,SIN_CLASIFICAR,
CENTRAL,METODOLOGIA DE LA INVESTIGACION,PRESENCIAL,Ciencias Sociales,SIN_CLASIFICAR,
CENTRAL,METODOLOGIA DE LA INVESTIGACION Y TUTORIA DE TESIS,PRESENCIAL,Ciencias Sociales,SIN_CLASIFICAR,
CENTRAL,METODOLOGÍA DE LA INVESTIGACIÓN CIENTIFICA,PRESENCIAL,Ciencias Sociales,SIN_CLASIFICAR,
CENTRAL,METODOLOGÍA DE LA INVESTIGACIÓN CIENTIFICA,PRESENCIAL,Ciencias Sociales,SIN_CLASIFICAR,
CENTRAL,METODOLOGÍA DE LA INVESTIGACIÓN CIENTIFICA,PRESENCIAL,Ciencias Sociales,SIN_CLASIFICAR,
CENTRAL,METODOLOGÍA DE LA INVESTIGACIÓN CIENTIFICA,PRESENCIAL,Ciencias Sociales,SIN_CLASIFICAR,
CENTRAL,METODOLOGÍA DE LA INVESTIGACIÓN EN CIENCIAS MILITARES,PRESENCIAL,,SIN_CLASIFICAR,
CENTRAL,MICROBIOLOGÍA CLÍNICA,PRESENCIAL,Ciencias Medicas y Salud,SIN_CLASIFICAR,
CENTRAL,MUSICA,PRESENCIAL,Humanidades,SIN_CLASIFICAR,
CENTRAL,MUSICA,PRESENCIAL,Humanidades,SIN_CLASIFICAR,
CENTRAL,MUSICA,PRESENCIAL,Humanidades,SIN_CLASIFICAR,
CENTRAL,MUSICA,PRESENCIAL,Humanidades,SIN_CLASIFICAR,
CENTRAL,MUSICA,PRESENCIAL,Humanidades,SIN_CLASIFICAR,
CENTRAL,MUSICA,PRESENCIAL,Humanidades,SIN_CLASIFICAR,
CENTRAL,Maestría en Ciencias Biológicas Mención: Biología de la Conservación,PRESENCIAL,Ciencias Naturales,SIN_CLASIFICAR,
CENTRAL,NEUMOLOGIA,PRESENCIAL,Ciencias Medicas y Salud,SIN_CLASIFICAR,
CENTRAL,NEUROCIRUGIA,PRESENCIAL,Ciencias Medicas y Salud,SIN_CLASIFICAR,
CENTRAL,NEUROLOGIA CLINICA,PRESENCIAL,Ciencias Medicas y Salud,SIN_CLASIFICAR,
CENTRAL,OFTALMOLOGIA,PRESENCIAL,Ciencias Medicas y Salud,SIN_CLASIFICAR,
CENTRAL,OFTALMOPEDIATRIA Y ESTRABISMO,PRESENCIAL,Ciencias Medicas y Salud,SIN_CLASIFICAR,
CENTRAL,ONCOLOGIA CLINICA,PRESENCIAL,Ciencias Medicas y Salud,SIN_CLASIFICAR,
CENTRAL,OPERACIONES AÉREAS,PRESENCIAL,,SIN_CLASIFICAR,
CENTRAL,ORGANIZACION Y METODOS,PRESENCIAL,Ciencias Sociales,SIN_CLASIFICAR,
CENTRAL,OSTEOPOATIA DE MIEMBRO INFERIOR,PRESENCIAL,,SIN_CLASIFICAR,
CENTRAL,OTEOPATIA DE COLUMNA Y MIEMBRO SUPERIOR,PRESENCIAL,,SIN_CLASIFICAR,
CENTRAL,OTOLOGÍA,PRESENCIAL,Ciencias Medicas y Salud,SIN_CLASIFICAR,
CENTRAL,OTORRINOLARINGOLOGIA,PRESENCIAL,Ciencias Medicas y Salud,SIN_CLASIFICAR,
CENTRAL,PEDIATRIA CLINICA,PRESENCIAL,Ciencias Medicas y Salud,SIN_CLASIFICAR,
CENTRAL,PERIODISMO,PRESENCIAL,,SIN_CLASIFICAR,
CENTRAL,PERIODISMO,PRESENCIAL,,SIN_CLASIFICAR,
CENTRAL,PERIODISMO,PRESENCIAL,,SIN_CLASIFICAR,
CENTRAL,PLANIFICACIÓN Y PROYECTOS,PRESENCIAL,Ciencias Sociales,SIN_CLASIFICAR,
CENTRAL,POLITICA Y ESTRATEGIA AEROESPACIAL,PRESENCIAL,,SIN_CLASIFICAR,
CENTRAL,POLÍTICAS SOCIALES,PRESENCIAL,Ciencias Medicas y Salud,SIN_CLASIFICAR,
CENTRAL,POLÍTICAS SOCIALES,PRESENCIAL,Ciencias Medicas y Salud,SIN_CLASIFICAR,
CENTRAL,POLÍTICAS SOCIALES,PRESENCIAL,Ciencias Medicas y Salud,SIN_CLASIFICAR,
CENTRAL,PREPARACIÓN FÍSICA DEPORTIVA Y ENTRENAMIENTO PERSONALIZADO,PRESENCIAL,Ciencias Naturales,SIN_CLASIFICAR,
CENTRAL,PREPARACIÓN FÍSICA DEPORTIVA Y ENTRENAMIENTO PERSONALIZADO,PRESENCIAL,Ciencias Naturales,SIN_CLASIFICAR,
CENTRAL,PREPARACIÓN FÍSICA DEPORTIVA Y ENTRENAMIENTO PERSONALIZADO,PRESENCIAL,Ciencias Naturales,SIN_CLASIFICAR,
CENTRAL,PREVENCIÓN Y SEGURIDAD,PRESENCIAL,,SIN_CLASIFICAR,
CENTRAL,PREVENCIÓN Y SEGURIDAD,PRESENCIAL,,SIN_CLASIFICAR,
CENTRAL,PREVENCIÓN Y SEGURIDAD,PRESENCIAL,,SIN_CLASIFICAR,
CENTRAL,PREVENCIÓN Y SEGURIDAD,PRESENCIAL,,SIN_CLASIFICAR,
CENTRAL,PREVENCIÓN Y SEGURIDAD,PRESENCIAL,,SIN_CLASIFICAR,
CENTRAL,PREVENCIÓN Y SEGURIDAD,PRESENCIAL,,SIN_CLASIFICAR,
CENTRAL,PREVENCIÓN Y SEGURIDAD,PRESENCIAL,,SIN_CLASIFICAR,
CENTRAL,PRODUCCION,PRESENCIAL,Ciencias Agricolas,SIN_CLASIFICAR,
CENTRAL,PRODUCTIVIDAD Y CALIDAD,PRESENCIAL,,SIN_CLASIFICAR,
CENTRAL,PRODUCTIVIDAD Y CALIDAD,PRESENCIAL,,SIN_CLASIFICAR,
CENTRAL,PRODUCTIVIDAD Y CALIDAD,PRESENCIAL,,SIN_CLASIFICAR,
CENTRAL,PRODUCTIVIDAD Y CALIDAD,PRESENCIAL,,SIN_CLASIFICAR,
CENTRAL,PRODUCTIVIDAD Y CALIDAD,PRESENCIAL,,SIN_CLASIFICAR,
CENTRAL,PRODUCTIVIDAD Y CALIDAD,PRESENCIAL,,SIN_CLASIFICAR,
CENTRAL,Primeros auxilios,PRESENCIAL,,SIN_CLASIFICAR,
CENTRAL,QUIMICA ANALITICA,PRESENCIAL,Ciencias Naturales,SIN_CLASIFICAR,
CENTRAL,QUIMICA ORGANICA,PRESENCIAL,Ciencias Naturales,SIN_CLASIFICAR,
CENTRAL,QUIMICA ORGANICA,PRESENCIAL,Ciencias Naturales,SIN_CLASIFICAR,
CENTRAL,QUIMICA ORGANICA,PRESENCIAL,Ciencias Naturales,SIN_CLASIFICAR,
CENTRAL,QUIROMASAJE,PRESENCIAL,Ciencias Medicas y Salud,SIN_CLASIFICAR,
CENTRAL,QUIROMASAJE,PRESENCIAL,Ciencias Medicas y Salud,SIN_CLASIFICAR,
CENTRAL,QUIROMASAJE,PRESENCIAL,Ciencias Medicas y Salud,SIN_CLASIFICAR,
CENTRAL,RELACIONES INTERNACIONALES,PRESENCIAL,,SIN_CLASIFICAR,
CENTRAL,RELACIONES INTERNACIONALES,PRESENCIAL,,SIN_CLASIFICAR,
CENTRAL,RELACIONES INTERNACIONALES,PRESENCIAL,,SIN_CLASIFICAR,
CENTRAL,RELACIONES INTERNACIONALES,PRESENCIAL,,SIN_CLASIFICAR,
CENTRAL,RESTAURACION Y CONSERVACION DE LOS BIENES ARQUITECTONICOS Y MONUMENTALES,PRESENCIAL,Ingenieria y Tecnologia,SIN_CLASIFICAR,
CENTRAL,RETINA Y VITREO,PRESENCIAL,Ciencias Medicas y Salud,SIN_CLASIFICAR,
CENTRAL,REUMATOLOGIA,PRESENCIAL,Ciencias Medicas y Salud,SIN_CLASIFICAR,
CENTRAL,SEGURIDAD DE LA AVIACION CIVIL,PRESENCIAL,Ingenieria y Tecnologia,SIN_CLASIFICAR,
CENTRAL,SEGURIDAD E HIGIENE DEL TRABAJO,PRESENCIAL,,SIN_CLASIFICAR,
CENTRAL,SEGURIDAD E HIGIENE LABORAL,PRESENCIAL,,SIN_CLASIFICAR,
CENTRAL,SEGURIDAD E HIGIENE LABORAL,PRESENCIAL,,SIN_CLASIFICAR,
CENTRAL,SERVICIO SOCIAL,PRESENCIAL,Ciencias Medicas y Salud,SIN_CLASIFICAR,
CENTRAL,SOCIOLOGIA,PRESENCIAL,,SIN_CLASIFICAR,
CENTRAL,SOCIOLOGIA,PRESENCIAL,,SIN_CLASIFICAR,
CENTRAL,SOCIOLOGIA,PRESENCIAL,,SIN_CLASIFICAR,
CENTRAL,SOCIOLOGIA Y CIENCIA POLITICA,PRESENCIAL,,SIN_CLASIFICAR,
CENTRAL,SUPERMERCADISMOS Y GRANDES TIENDAS,PRESENCIAL,,SIN_CLASIFICAR,
CENTRAL,TALLER DE DINAMIZACION LINGUISTICA,PRESENCIAL,,SIN_CLASIFICAR,
CENTRAL,TALLER DE DINAMIZACION LINGUISTICA,PRESENCIAL,,SIN_CLASIFICAR,
CENTRAL,TALLER DE DINAMIZACION LINGUISTICA,PRESENCIAL,,SIN_CLASIFICAR,
CENTRAL,TALLER DE FAMILIARIZACION EN BUQUES TANQUE,PRESENCIAL,,SIN_CLASIFICAR,
CENTRAL,TALLER DE HIGIENE Y LIMPIEZA HOSPITALARIA,PRESENCIAL,,SIN_CLASIFICAR,
CENTRAL,TALLER DE INGLES ELEMENTAL PARA TIMONELES,PRESENCIAL,,SIN_CLASIFICAR,
CENTRAL,TALLER DE LAVANDERIA HOSPITALARIA,PRESENCIAL,,SIN_CLASIFICAR,
CENTRAL,TALLER DE LENGUA CASTELLANA,PRESENCIAL,,SIN_CLASIFICAR,
CENTRAL,TALLER DE LENGUA CASTELLANA,PRESENCIAL,,SIN_CLASIFICAR,
CENTRAL,TALLER DE LENGUA CASTELLANA,PRESENCIAL,,SIN_CLASIFICAR,
CENTRAL,TALLER DE MAMOGRAFIA,PRESENCIAL,,SIN_CLASIFICAR,
CENTRAL,TALLER DE NAVEGACION CON SIMULADOR Y NAVEGACION EN AGUAS RESTRINGIDAS,PRESENCIAL,,SIN_CLASIFICAR,
CENTRAL,TALLER DE PREVENCION Y LUCHA CONTRA INCENDIOS,PRESENCIAL,,SIN_CLASIFICAR,
CENTRAL,TALLER DE PROTECCION DE BUQUES BBIP BASICO,PRESENCIAL,,SIN_CLASIFICAR,
CENTRAL,TALLER DE PROTOCOLOS Y TECNICAS EN TOMOGRAFIA AXIAL,PRESENCIAL,,SIN_CLASIFICAR,
CENTRAL,TALLER EN CODIGO PBIP - OPIP - OFIC INSTALACIONES PORTUARIAS - OPB - OFIC PROTECCION DE BUQUES O CPM - OFIC DE LA COMPAÑIA PARA LA PROTECCION MARITIMA,PRESENCIAL,,SIN_CLASIFICAR,
CENTRAL,TALLER EN PRIMEROS AUXILIOS,PRESENCIAL,,SIN_CLASIFICAR,
CENTRAL,TALLER EN PRIMEROS AUXILIOS,PRESENCIAL,,SIN_CLASIFICAR,
CENTRAL,TALLER EN PROGRAMA DE CURSO DE CODIGO ISM/IGS,PRESENCIAL,,SIN_CLASIFICAR,
CENTRAL,TALLER EN TECNICAS DE SUPERVISION PERSONAL Y RESPONSABILIDADES SOCIALES,PRESENCIAL,,SIN_CLASIFICAR,
CENTRAL,TALLER LEGISLACION MARITIMA,PRESENCIAL,,SIN_CLASIFICAR,
CENTRAL,"TALLER MODELO OMI 1.01 - SECCION A - V/14 STCW 95 PROGRAMA DE CONTROL DE MULTITUDES, SEGURIDAD DEL PASAJERO",PRESENCIAL,,SIN_CLASIFICAR,
CENTRAL,TALLER MODELO OMI 1.12 (PERSONAL SAFETY AND SOCIAL RESPONSABILITIES),PRESENCIAL,,SIN_CLASIFICAR,
CENTRAL,TALLER MODELO OMI 1.14 TECNICAS DE SUPERVIVENCIA PERSONAL,PRESENCIAL,,SIN_CLASIFICAR,
CENTRAL,TALLER MODELO OMI 1.19 (PROFICIENCY IMPERSONAL SUVIVAL TECHNIQUES),PRESENCIAL,,SIN_CLASIFICAR,
CENTRAL,TALLER MODELO OMI 1.20 PRIMEROS AUXILIOS SANITARIOS,PRESENCIAL,,SIN_CLASIFICAR,
CENTRAL,"TALLER NAVEGACION CON SIMULADOR, SIMULADOR RADAR/ARPA",PRESENCIAL,,SIN_CLASIFICAR,
CENTRAL,TALLER OFICIAL DE PROTECCION DE LA INSTALACION PORTUARIA OPIP CODIGO PBIP - ISPS,PRESENCIAL,,SIN_CLASIFICAR,
CENTRAL,TALLER OFICIAL DE PROTECCION DEL BUQUE,PRESENCIAL,,SIN_CLASIFICAR,
CENTRAL,TALLER PROGRAMA DE NAVEGACION EN AGUAS RESTRINGIDAS O POCO PROFUNDAS,PRESENCIAL,,SIN_CLASIFICAR,
CENTRAL,TALLER PROGRAMA DEL CURSO DEL ISM/IGS MERCANCIAS PELIGROSAS,PRESENCIAL,,SIN_CLASIFICAR,
CENTRAL,TECNICAS Y PROCEDIMIENTOS PARA LA PREPARACION DE TESIS,PRESENCIAL,Ciencias Sociales,SIN_CLASIFICAR,
CENTRAL,TECNICATURA EN MASAJE ESTETICO,PRESENCIAL,,SIN_CLASIFICAR,
CENTRAL,TECNICATURA EN METODOLOGIA DE LA INVESTIGACION CIENTIFICA,PRESENCIAL,,SIN_CLASIFICAR,
CENTRAL,TECNICATURA EN NEURODESARROLLO Y ESTIMULACION TEMPRANA,PRESENCIAL,,SIN_CLASIFICAR,
CENTRAL,TECNICO SUPERIOR EN TEOLOGIA,PRESENCIAL,Humanidades,SIN_CLASIFICAR,
CENTRAL,TEOLOGIA,PRESENCIAL,Humanidades,SIN_CLASIFICAR,
CENTRAL,TEOLOGIA,PRESENCIAL,Humanidades,SIN_CLASIFICAR,
CENTRAL,TEOLOGIA,PRESENCIAL,Humanidades,SIN_CLASIFICAR,
CENTRAL,TEOLOGIA,PRESENCIAL,Humanidades,SIN_CLASIFICAR,
CENTRAL,TEOLOGIA,PRESENCIAL,Humanidades,SIN_CLASIFICAR,
CENTRAL,TEOLOGIA,PRESENCIAL,Humanidades,SIN_CLASIFICAR,
CENTRAL,TEOLOGIA,PRESENCIAL,Humanidades,SIN_CLASIFICAR,
CENTRAL,TERMINOLOGIA GUARANI,SEMIPRESENCIAL_DISTANCIA,,SIN_CLASIFICAR,
CENTRAL,TRABAJO SOCIAL,PRESENCIAL,Ciencias Medicas y Salud,SIN_CLASIFICAR,
CENTRAL,TRABAJO SOCIAL,PRESENCIAL,Ciencias Medicas y Salud,SIN_CLASIFICAR,
CENTRAL,TRABAJO SOCIAL,PRESENCIAL,Ciencias Medicas y Salud,SIN_CLASIFICAR,
CENTRAL,TRABAJO SOCIAL,PRESENCIAL,Ciencias Medicas y Salud,SIN_CLASIFICAR,
CENTRAL,TRABAJO SOCIAL,PRESENCIAL,Ciencias Medicas y Salud,SIN_CLASIFICAR,
CENTRAL,TRABAJO SOCIAL,PRESENCIAL,Ciencias Medicas y Salud,SIN_CLASIFICAR,
CENTRAL,TRABAJO SOCIAL,PRESENCIAL,Ciencias Medicas y Salud,SIN_CLASIFICAR,
CENTRAL,TRABAJO SOCIAL,PRESENCIAL,Ciencias Medicas y Salud,SIN_CLASIFICAR,
CENTRAL,TRABAJO SOCIAL,PRESENCIAL,Ciencias Medicas y Salud,SIN_CLASIFICAR,
CENTRAL,TRACTO GENITAL INFERIOR Y COLPOSCOPIA,PRESENCIAL,Ciencias Medicas y Salud,SIN_CLASIFICAR,
CENTRAL,TRADUCCION E INTERPRETACION DE LENGUA DE SEÑAS PARAGUAYA A CASTELLANO / GUARANI Y GUARANI / CASTELLANO A LENGUA DE SEÑAS PARAGUAYA,PRESENCIAL,,SIN_CLASIFICAR,
CENTRAL,TRADUCCION E INTERPRETACION DE LENGUA DE SEÑAS PARAGUAYA A CASTELLANO / GUARANI Y GUARANI / CASTELLANO A LENGUA DE SEÑAS PARAGUAYA,PRESENCIAL,,SIN_CLASIFICAR,
CENTRAL,TRADUCCION E INTERPRETACION GUARANI - CASTELLANO / CASTELLANO - GUARANI,PRESENCIAL,,SIN_CLASIFICAR,
CENTRAL,TRADUCCION E INTERPRETACION GUARANI - CASTELLANO / CASTELLANO - GUARANI,PRESENCIAL,,SIN_CLASIFICAR,
CENTRAL,TRADUCCION E INTERPRETACION GUARANI - CASTELLANO / CASTELLANO - GUARANI,PRESENCIAL,,SIN_CLASIFICAR,
CENTRAL,TRADUCCION E INTERPRETACION GUARANI - CASTELLANO / CASTELLANO - GUARANI,PRESENCIAL,,SIN_CLASIFICAR,
CENTRAL,TRADUCCION E INTERPRETACION GUARANI - CASTELLANO / CASTELLANO - GUARANI,PRESENCIAL,,SIN_CLASIFICAR,
CENTRAL,Taller de protección integral a la mujer contra toda forma de violencia,PRESENCIAL,,SIN_CLASIFICAR,
CENTRAL,Taller de protección integral a la mujer contra toda forma de violencia,PRESENCIAL,,SIN_CLASIFICAR,
CENTRAL,Teología y consejería pastoral,PRESENCIAL,Humanidades,SIN_CLASIFICAR,
CENTRAL,UROLOGIA,PRESENCIAL,Ciencias Medicas y Salud,SIN_CLASIFICAR,
CENTRAL,Vendaje funcional,PRESENCIAL,,SIN_CLASIFICAR,
CENTRAL,Vendaje neuromuscular,PRESENCIAL,,SIN_CLASIFICAR,
CONCEPCION,ACTUALIZACIÓN EN METODOLOGÍA DE LA INVESTIGACIÓN,PRESENCIAL,,SIN_CLASIFICAR,
CONCEPCION,ANALÍTICA DE DATOS EN EL ÁREA EMPRESARIAL,PRESENCIAL,,SIN_CLASIFICAR,
CONCEPCION,CIENCIAS DE LA COMUNICACION SOCIAL,PRESENCIAL,Ciencias Sociales,SIN_CLASIFICAR,
CONCEPCION,CIENCIAS DE LA COMUNICACION SOCIAL,PRESENCIAL,Ciencias Sociales,SIN_CLASIFICAR,
CONCEPCION,ENDODONCIA,PRESENCIAL,Ciencias Medicas y Salud,SIN_CLASIFICAR,
CONCEPCION,IMPLANTOLOGIA ORAL,PRESENCIAL,Ciencias Medicas y Salud,SIN_CLASIFICAR,
CONCEPCION,INTERCULTURALIDAD,PRESENCIAL,,SIN_CLASIFICAR,
CONCEPCION,INVESTIGACION CIENTIFICA,PRESENCIAL,Ciencias Sociales,SIN_CLASIFICAR,
CONCEPCION,INVESTIGACION CIENTIFICA,PRESENCIAL,Ciencias Sociales,SIN_CLASIFICAR,
CONCEPCION,MATEMATICA,PRESENCIAL,Ciencias Naturales,SIN_CLASIFICAR,
CONCEPCION,MATEMATICA,PRESENCIAL,Ciencias Naturales,SIN_CLASIFICAR,
CONCEPCION,MATEMATICA,PRESENCIAL,Ciencias Naturales,SIN_CLASIFICAR,
CONCEPCION,MATEMATICA Y FISICA,PRESENCIAL,Ciencias Naturales,SIN_CLASIFICAR,
CONCEPCION,MATEMATICAS APLICADAS,PRESENCIAL,Ciencias Naturales,SIN_CLASIFICAR,
CONCEPCION,METODOLOGIA DE LA INVESTIGACION,PRESENCIAL,Ciencias Sociales,SIN_CLASIFICAR,
CONCEPCION,TRABAJO SOCIAL,PRESENCIAL,Ciencias Medicas y Salud,SIN_CLASIFICAR,
CONCEPCION,TRABAJO SOCIAL,PRESENCIAL,Ciencias Medicas y Salud,SIN_CLASIFICAR,
CONCEPCION,TRABAJO SOCIAL,PRESENCIAL,Ciencias Medicas y Salud,SIN_CLASIFICAR,
CONCEPCION,Taller de protección integral a la mujer contra toda forma de violencia,PRESENCIAL,,SIN_CLASIFICAR,
CONCEPCION,Taller de protección integral a la mujer contra toda forma de violencia,PRESENCIAL,,SIN_CLASIFICAR,
CONCEPCION,Taller de protección integral a la mujer contra toda forma de violencia,PRESENCIAL,,SIN_CLASIFICAR,
CONCEPCION,USO DE LA PLATAFORMA MOODLE,PRESENCIAL,Ciencias Sociales,SIN_CLASIFICAR,
CORDILLERA,"CAPACITACIÓN ""VIVIR LA DANZA PARAGUAYA""",PRESENCIAL,,SIN_CLASIFICAR,
CORDILLERA,"CAPACITACIÓN DESPERTAR FOR FAMILIA ""FORMANDO COMUNIDAD DE LECTORES"" - AÑO 2019",PRESENCIAL,,SIN_CLASIFICAR,
CORDILLERA,DISEÑO DE MODAS,PRESENCIAL,Humanidades,SIN_CLASIFICAR,
CORDILLERA,DISEÑO DE MODAS,PRESENCIAL,Humanidades,SIN_CLASIFICAR,
CORDILLERA,DISEÑO DE MODAS,PRESENCIAL,Humanidades,SIN_CLASIFICAR,
CORDILLERA,DISEÑO DE MODAS Y ALTA COSTURA,PRESENCIAL,,SIN_CLASIFICAR,
CORDILLERA,DISEÑO GRAFICO,PRESENCIAL,Humanidades,SIN_CLASIFICAR,
CORDILLERA,Despertar el interés por la lectura y escritura - Año 2019,PRESENCIAL,,SIN_CLASIFICAR,
CORDILLERA,GESTION DE PEQUEÑAS Y MEDIANAS EMPRESAS,PRESENCIAL,,SIN_CLASIFICAR,
CORDILLERA,Innovando estrategias activas para la enseñanza de la matemática en el Tercer Ciclo de la EEB,PRESENCIAL,Ciencias Naturales,SIN_CLASIFICAR,
CORDILLERA,LETRAS,PRESENCIAL,Humanidades,SIN_CLASIFICAR,
CORDILLERA,MANTENIMIENTO DE ARMAMENTOS,PRESENCIAL,,SIN_CLASIFICAR,
CORDILLERA,MATEMATICA,PRESENCIAL,Ciencias Naturales,SIN_CLASIFICAR,
CORDILLERA,MATEMATICA,PRESENCIAL,Ciencias Naturales,SIN_CLASIFICAR,
CORDILLERA,MATEMATICA,PRESENCIAL,Ciencias Naturales,SIN_CLASIFICAR,
CORDILLERA,PREVENCIÓN Y SEGURIDAD,PRESENCIAL,,SIN_CLASIFICAR,
CORDILLERA,PREVENCIÓN Y SEGURIDAD,PRESENCIAL,,SIN_CLASIFICAR,
CORDILLERA,PREVENCIÓN Y SEGURIDAD,PRESENCIAL,,SIN_CLASIFICAR,
CORDILLERA,TRABAJO SOCIAL,PRESENCIAL,Ciencias Medicas y Salud,SIN_CLASIFICAR,
CORDILLERA,Taller de protección integral a la mujer contra toda forma de violencia,PRESENCIAL,,SIN_CLASIFICAR,
CORDILLERA,Taller de protección integral a la mujer contra toda forma de violencia,PRESENCIAL,,SIN_CLASIFICAR,
CORDILLERA,Taller de protección integral a la mujer contra toda forma de violencia,PRESENCIAL,,SIN_CLASIFICAR,
GUAIRA,ALERGIA E INMUNOLOGIA,PRESENCIAL,Ciencias Medicas y Salud,SIN_CLASIFICAR,
GUAIRA,"ANESTESIA, ANALGESIA Y REANIMACION",PRESENCIAL,Ciencias Medicas y Salud,SIN_CLASIFICAR,
GUAIRA,Aprendiendo sin límites,PRESENCIAL,,SIN_CLASIFICAR,
GUAIRA,Añemo´arandu che rekove pukukue aja,PRESENCIAL,,SIN_CLASIFICAR,
GUAIRA,BIOESTADISTICA,PRESENCIAL,Ciencias Naturales,SIN_CLASIFICAR,
GUAIRA,BIOESTADISTICA,PRESENCIAL,Ciencias Naturales,SIN_CLASIFICAR,
GUAIRA,"CAPACITACIÓN ""LEO, PIENSO Y APRENDO (LPA)""",VIRTUAL,,SIN_CLASIFICAR,
GUAIRA,CARDIOCIRUGIA,PRESENCIAL,Ciencias Medicas y Salud,SIN_CLASIFICAR,
GUAIRA,CIENCIAS BASICAS,SEMIPRESENCIAL_DISTANCIA,Ciencias Sociales,SIN_CLASIFICAR,
GUAIRA,CIENCIAS DE LA COMUNICACION,PRESENCIAL,Ciencias Sociales,SIN_CLASIFICAR,
GUAIRA,CIENCIAS NATURALES,SEMIPRESENCIAL_DISTANCIA,Ciencias Naturales,SIN_CLASIFICAR,
GUAIRA,CIENCIAS POLITICAS,PRESENCIAL,,SIN_CLASIFICAR,
GUAIRA,CIENCIAS SOCIALES,PRESENCIAL,,SIN_CLASIFICAR,
GUAIRA,CIRUGIA GENERAL,PRESENCIAL,Ciencias Medicas y Salud,SIN_CLASIFICAR,
GUAIRA,CIRUGIA INFANTIL,PRESENCIAL,Ciencias Medicas y Salud,SIN_CLASIFICAR,
GUAIRA,CIRUGIA PEDIATRICA,PRESENCIAL,Ciencias Medicas y Salud,SIN_CLASIFICAR,
GUAIRA,CIRUGIA VASCULAR PERIFERICA,PRESENCIAL,Ciencias Medicas y Salud,SIN_CLASIFICAR,
GUAIRA,COLOPROCTOLOGÍA,PRESENCIAL,Ciencias Medicas y Salud,SIN_CLASIFICAR,
GUAIRA,COMUNICACIÓN PARA EL DESARROLLO SOCIAL Y PERIODISMO,PRESENCIAL,Ciencias Sociales,SIN_CLASIFICAR,
GUAIRA,Construyendo aprendizaje,PRESENCIAL,,SIN_CLASIFICAR,
GUAIRA,EMERGENTOLOGIA,PRESENCIAL,Ciencias Medicas y Salud,SIN_CLASIFICAR,
GUAIRA,ENDODONCIA,PRESENCIAL,Ciencias Medicas y Salud,SIN_CLASIFICAR,
GUAIRA,EVALUACION DE POLITICAS PUBLICAS,PRESENCIAL,Ciencias Sociales,SIN_CLASIFICAR,
GUAIRA,FILOSOFIA,PRESENCIAL,Humanidades,SIN_CLASIFICAR,
GUAIRA,FILOSOFIA,PRESENCIAL,Humanidades,SIN_CLASIFICAR,
GUAIRA,FUTBOL DE CAMPO,PRESENCIAL,,SIN_CLASIFICAR,
GUAIRA,FUTBOL DE CAMPO,PRESENCIAL,,SIN_CLASIFICAR,
GUAIRA,GESTION DE LA HOSPITALIDAD,PRESENCIAL,Ciencias Sociales,SIN_CLASIFICAR,
GUAIRA,GESTION DE LA HOSPITALIDAD,PRESENCIAL,Ciencias Sociales,SIN_CLASIFICAR,
GUAIRA,GESTION DE LA HOSPITALIDAD,PRESENCIAL,Ciencias Sociales,SIN_CLASIFICAR,
GUAIRA,GESTION DE LA HOSPITALIDAD,PRESENCIAL,Ciencias Sociales,SIN_CLASIFICAR,
GUAIRA,HEMATOLOGIA,PRESENCIAL,Ciencias Medicas y Salud,SIN_CLASIFICAR,
GUAIRA,IMPLANTES,PRESENCIAL,Ciencias Medicas y Salud,SIN_CLASIFICAR,
GUAIRA,INGLES,PRESENCIAL,Ciencias Sociales,SIN_CLASIFICAR,
GUAIRA,Innovando la enseñanza de las ciencias naturales en el 1er. y 2do. ciclo. de la EEB,PRESENCIAL,,SIN_CLASIFICAR,
GUAIRA,METODOLOGÍA DE LA INVESTIGACIÓN CIENTIFICA,PRESENCIAL,Ciencias Sociales,SIN_CLASIFICAR,
GUAIRA,METODOLOGÍA DE LA INVESTIGACIÓN CIENTIFICA,PRESENCIAL,Ciencias Sociales,SIN_CLASIFICAR,
GUAIRA,METODOLOGÍA DE LA INVESTIGACIÓN CIENTIFICA,PRESENCIAL,Ciencias Sociales,SIN_CLASIFICAR,
GUAIRA,MUSICA,PRESENCIAL,Humanidades,SIN_CLASIFICAR,
GUAIRA,NEUMOLOGIA,PRESENCIAL,Ciencias Medicas y Salud,SIN_CLASIFICAR,
GUAIRA,NEUROCIRUGIA,PRESENCIAL,Ciencias Medicas y Salud,SIN_CLASIFICAR,
GUAIRA,NEUROLOGIA,PRESENCIAL,Ciencias Medicas y Salud,SIN_CLASIFICAR,
GUAIRA,OFTALMOLOGIA,PRESENCIAL,Ciencias Medicas y Salud,SIN_CLASIFICAR,
GUAIRA,OTORRINOLARINGOLOGIA,PRESENCIAL,Ciencias Medicas y Salud,SIN_CLASIFICAR,
GUAIRA,PEDIATRIA,PRESENCIAL,Ciencias Medicas y Salud,SIN_CLASIFICAR,
GUAIRA,PEDIATRIA CLINICA,PRESENCIAL,Ciencias Medicas y Salud,SIN_CLASIFICAR,
GUAIRA,PREVENCIÓN Y SEGURIDAD,PRESENCIAL,,SIN_CLASIFICAR,
GUAIRA,Sigo Aprendiendo,PRESENCIAL,,SIN_CLASIFICAR,
GUAIRA,Taller de protección integral a la mujer contra toda forma de violencia,PRESENCIAL,,SIN_CLASIFICAR,
GUAIRA,Taller de protección integral a la mujer contra toda forma de violencia,PRESENCIAL,,SIN_CLASIFICAR,
GUAIRA,Taller de protección integral a la mujer contra toda forma de violencia,PRESENCIAL,,SIN_CLASIFICAR,
GUAIRA,UROLOGIA,PRESENCIAL,Ciencias Medicas y Salud,SIN_CLASIFICAR,
ITAPUA,"""CURSO TALLER DE PINTURA MURAL E HISTORIA DEL ARTE"" MURALES LATINOAMERICANOS - MODULO II",PRESENCIAL,Humanidades,SIN_CLASIFICAR,
ITAPUA,ACONDICIONAMIENTO FISICO PARA GRUPOS ESPECIFICOS,PRESENCIAL,Ciencias Naturales,SIN_CLASIFICAR,
ITAPUA,"ANESTESIA, ANALGESIA Y REANIMACION",PRESENCIAL,Ciencias Medicas y Salud,SIN_CLASIFICAR,
ITAPUA,APRENDIZAJE A LO LARGO DE TODA LA VIDA,PRESENCIAL,,SIN_CLASIFICAR,
ITAPUA,ASISTENCIA DENTAL,PRESENCIAL,,SIN_CLASIFICAR,
ITAPUA,ATENCION INTEGRAL DE LA NIÑEZ Y LA ADOLESCENCIA,PRESENCIAL,Ciencias Medicas y Salud,SIN_CLASIFICAR,
ITAPUA,ATENCIÓN INTEGRAL DEL NIÑO Y ADOLESCENTE,PRESENCIAL,,SIN_CLASIFICAR,
ITAPUA,ATENCIÓN INTEGRAL DEL NIÑO Y ADOLESCENTE,PRESENCIAL,,SIN_CLASIFICAR,
ITAPUA,BILINGUISMO GUARANI - CASTELLANO,PRESENCIAL,Humanidades,SIN_CLASIFICAR,
ITAPUA,BILINGUISMO GUARANI-CASTELLANO,PRESENCIAL,Humanidades,SIN_CLASIFICAR,
ITAPUA,BILINGUISMO GUARANI-CASTELLANO,PRESENCIAL,Humanidades,SIN_CLASIFICAR,
ITAPUA,BILINGUISMO GUARANI-CASTELLANO,PRESENCIAL,Humanidades,SIN_CLASIFICAR,
ITAPUA,"CAPACITACION ""USO DEL LABORATORIO DE CIENCIAS BÀSICAS EN EL TERCER CICLO DE LA EEB Y EM""",PRESENCIAL,,SIN_CLASIFICAR,
ITAPUA,"CAPACITACIÓN ""BUSCANDO LA SABIDURÍA CON PERSONAS JÓVENES Y ADULTAS (ARANDU REKÁVO)""",PRESENCIAL,,SIN_CLASIFICAR,
ITAPUA,"CAPACITACIÓN ""ENCENDAMOS FUEGO""",PRESENCIAL,,SIN_CLASIFICAR,
ITAPUA,"CAPACITACIÓN ""POR UN FUTURO MEJOR DE LA EPJA""",PRESENCIAL,,SIN_CLASIFICAR,
ITAPUA,"CAPACITACIÓN ""ÑAÑEMOARANDU OÑONDIVE""",PRESENCIAL,,SIN_CLASIFICAR,
ITAPUA,CAPACITACIÓN EN ÉTICA Y TEOLOGÍA,PRESENCIAL,Humanidades,SIN_CLASIFICAR,
ITAPUA,CAPACITACIÓN GESTIÓN DE ENTORNOS VIRTUALES DE APRENDIZAJE (GEVA),PRESENCIAL,,SIN_CLASIFICAR,
ITAPUA,"CEREMONIAL, PROTOCOLO Y ORGANIZACION DE ACTOS",PRESENCIAL,,SIN_CLASIFICAR,
ITAPUA,CIENCIAS DE LA COMUNICACION,PRESENCIAL,Ciencias Sociales,SIN_CLASIFICAR,
ITAPUA,CIENCIAS DE LA COMUNICACION,PRESENCIAL,Ciencias Sociales,SIN_CLASIFICAR,
ITAPUA,CIENCIAS DE LA COMUNICACION,PRESENCIAL,Ciencias Sociales,SIN_CLASIFICAR,
ITAPUA,CIENCIAS DEL LENGUAJE Y LA LITERATURA,PRESENCIAL,Humanidades,SIN_CLASIFICAR,
ITAPUA,CIENCIAS DEL LENGUAJE Y LA LITERATURA,SEMIPRESENCIAL_DISTANCIA,Humanidades,SIN_CLASIFICAR,
ITAPUA,CIENCIAS DEL LENGUAJE Y LA LITERATURA,PRESENCIAL,Humanidades,SIN_CLASIFICAR,
ITAPUA,CIENCIAS POLITICAS,PRESENCIAL,,SIN_CLASIFICAR,
ITAPUA,CIENCIAS SOCIALES,PRESENCIAL,,SIN_CLASIFICAR,
ITAPUA,CIRUGIA GENERAL,PRESENCIAL,Ciencias Medicas y Salud,SIN_CLASIFICAR,
ITAPUA,CORREDOR INMOBILIARIO,PRESENCIAL,,SIN_CLASIFICAR,
ITAPUA,CURSO TALLER DE PINTURA MURAL,PRESENCIAL,,SIN_CLASIFICAR,
ITAPUA,DIAGNOSTICO POR IMAGENES,PRESENCIAL,Ciencias Medicas y Salud,SIN_CLASIFICAR,
ITAPUA,DIAGNOSTICO POR IMAGENES,PRESENCIAL,Ciencias Medicas y Salud,SIN_CLASIFICAR,
ITAPUA,DIRECCIÓN Y GESTIÓN DE ORGANIZACIONES SANITARIAS,PRESENCIAL,Ciencias Sociales,SIN_CLASIFICAR,
ITAPUA,DISEÑO DE INSTRUMENTOS EVALUATIVOS,PRESENCIAL,Ciencias Sociales,SIN_CLASIFICAR,
ITAPUA,DISEÑO DE INTERIORES,PRESENCIAL,Humanidades,SIN_CLASIFICAR,
ITAPUA,DISEÑO DE MODAS,PRESENCIAL,Humanidades,SIN_CLASIFICAR,
ITAPUA,DISEÑO DE MODAS,PRESENCIAL,Humanidades,SIN_CLASIFICAR,
ITAPUA,DISEÑO DE MODAS,PRESENCIAL,Humanidades,SIN_CLASIFICAR,
ITAPUA,DISEÑO DE MODAS,PRESENCIAL,Humanidades,SIN_CLASIFICAR,
ITAPUA,DISEÑO DE MODAS,PRESENCIAL,Humanidades,SIN_CLASIFICAR,
ITAPUA,DISEÑO DE MODAS,SEMIPRESENCIAL_DISTANCIA,Humanidades,SIN_CLASIFICAR,
ITAPUA,DISEÑO DE MODAS,SEMIPRESENCIAL_DISTANCIA,Humanidades,SIN_CLASIFICAR,
ITAPUA,DISEÑO DE MODAS,SEMIPRESENCIAL_DISTANCIA,Humanidades,SIN_CLASIFICAR,
ITAPUA,DISEÑO DE MODAS,PRESENCIAL,Humanidades,SIN_CLASIFICAR,
ITAPUA,DISEÑO DE MODAS,PRESENCIAL,Humanidades,SIN_CLASIFICAR,
ITAPUA,DISEÑO DE MODAS,PRESENCIAL,Humanidades,SIN_CLASIFICAR,
ITAPUA,DISEÑO DE MODAS,PRESENCIAL,Humanidades,SIN_CLASIFICAR,
ITAPUA,DISEÑO DE MODAS,PRESENCIAL,Humanidades,SIN_CLASIFICAR,
ITAPUA,DISEÑO DE MODAS Y ALTA COSTURA,PRESENCIAL,,SIN_CLASIFICAR,
ITAPUA,DISEÑO GRAFICO,PRESENCIAL,Humanidades,SIN_CLASIFICAR,
ITAPUA,DISEÑO GRAFICO,PRESENCIAL,Humanidades,SIN_CLASIFICAR,
ITAPUA,DISEÑO GRAFICO,PRESENCIAL,Humanidades,SIN_CLASIFICAR,
ITAPUA,DISEÑO GRAFICO,PRESENCIAL,Humanidades,SIN_CLASIFICAR,
ITAPUA,DISEÑO GRAFICO,PRESENCIAL,Humanidades,SIN_CLASIFICAR,
ITAPUA,DISEÑO GRAFICO,SEMIPRESENCIAL_DISTANCIA,Humanidades,SIN_CLASIFICAR,
ITAPUA,DISEÑO GRAFICO,SEMIPRESENCIAL_DISTANCIA,Humanidades,SIN_CLASIFICAR,
ITAPUA,DISEÑO GRAFICO,SEMIPRESENCIAL_DISTANCIA,Humanidades,SIN_CLASIFICAR,
ITAPUA,DISEÑO GRAFICO,PRESENCIAL,Humanidades,SIN_CLASIFICAR,
ITAPUA,DISEÑO GRAFICO,PRESENCIAL,Humanidades,SIN_CLASIFICAR,
ITAPUA,DISEÑO GRAFICO,PRESENCIAL,Humanidades,SIN_CLASIFICAR,
ITAPUA,DISEÑO GRAFICO,PRESENCIAL,Humanidades,SIN_CLASIFICAR,
ITAPUA,DISEÑO GRAFICO,PRESENCIAL,Humanidades,SIN_CLASIFICAR,
ITAPUA,DISEÑO GRAFICO,PRESENCIAL,Humanidades,SIN_CLASIFICAR,
ITAPUA,DISEÑO GRAFICO,PRESENCIAL,Humanidades,SIN_CLASIFICAR,
ITAPUA,DISEÑO GRAFICO DIGITAL,PRESENCIAL,,SIN_CLASIFICAR,
ITAPUA,DISEÑO TEXTIL E INDUMENTARIA,PRESENCIAL,Humanidades,SIN_CLASIFICAR,
ITAPUA,Desarrollo Personal y Laboral,PRESENCIAL,,SIN_CLASIFICAR,
ITAPUA,ENDODONCIA,PRESENCIAL,Ciencias Medicas y Salud,SIN_CLASIFICAR,
ITAPUA,ENTRENAMIENTO DE LAS CAPACIDADES FISICAS,PRESENCIAL,Ciencias Naturales,SIN_CLASIFICAR,
ITAPUA,EVALUACION,PRESENCIAL,Ciencias Sociales,SIN_CLASIFICAR,
ITAPUA,Estrategia de atletismo,PRESENCIAL,,SIN_CLASIFICAR,
ITAPUA,FLIPPED CLASSROOM  - HERRAMIENTAS PARA APLICAR EN AULA,PRESENCIAL,,SIN_CLASIFICAR,
ITAPUA,GESTION DE LA ENERGIA,PRESENCIAL,Ciencias Sociales,SIN_CLASIFICAR,
ITAPUA,GESTION DE LA ENERGIA,PRESENCIAL,Ciencias Sociales,SIN_CLASIFICAR,
ITAPUA,GESTION DE LA ENERGIA,PRESENCIAL,Ciencias Sociales,SIN_CLASIFICAR,
ITAPUA,GESTION DEPORTIVA,PRESENCIAL,,SIN_CLASIFICAR,
ITAPUA,GESTION EN POLITICA DE JUVENTUD,PRESENCIAL,,SIN_CLASIFICAR,
ITAPUA,HIPERTENSION ARTERIAL Y FACTORES DE RIESGO CARDIOVASCULAR,PRESENCIAL,Ciencias Medicas y Salud,SIN_CLASIFICAR,
ITAPUA,INVESTIGACION CIENTIFICA,PRESENCIAL,Ciencias Sociales,SIN_CLASIFICAR,
ITAPUA,INVESTIGACION CIENTIFICA DEL DELITO,PRESENCIAL,Ciencias Sociales,SIN_CLASIFICAR,
ITAPUA,INVESTIGACIONES,PRESENCIAL,,SIN_CLASIFICAR,
ITAPUA,INVESTIGACIONES,PRESENCIAL,,SIN_CLASIFICAR,
ITAPUA,INVESTIGACIONES,PRESENCIAL,,SIN_CLASIFICAR,
ITAPUA,LENGUA INGLESA,PRESENCIAL,Humanidades,SIN_CLASIFICAR,
ITAPUA,MATEMATICA,PRESENCIAL,Ciencias Naturales,SIN_CLASIFICAR,
ITAPUA,MATEMATICA,SEMIPRESENCIAL_DISTANCIA,Ciencias Naturales,SIN_CLASIFICAR,
ITAPUA,MATEMATICA,PRESENCIAL,Ciencias Naturales,SIN_CLASIFICAR,
ITAPUA,MATEMATICA,PRESENCIAL,Ciencias Naturales,SIN_CLASIFICAR,
ITAPUA,MATEMATICA,PRESENCIAL,Ciencias Naturales,SIN_CLASIFICAR,
ITAPUA,MATEMATICA,PRESENCIAL,Ciencias Naturales,SIN_CLASIFICAR,
ITAPUA,METODO DE ELEMENTO FINITO,PRESENCIAL,Ciencias Naturales,SIN_CLASIFICAR,
ITAPUA,METODOLOGIA DE LA INVESTIGACION,PRESENCIAL,Ciencias Sociales,SIN_CLASIFICAR,
ITAPUA,METODOLOGIA DE LA INVESTIGACION,PRESENCIAL,Ciencias Sociales,SIN_CLASIFICAR,
ITAPUA,METODOLOGÍA DE LA INVESTIGACIÓN APLICADA A LA CIENCIAS SOCIALES,PRESENCIAL,Ciencias Sociales,SIN_CLASIFICAR,
ITAPUA,METODOLOGÍA DE LA INVESTIGACIÓN CIENTIFICA,PRESENCIAL,Ciencias Sociales,SIN_CLASIFICAR,
ITAPUA,METODOLOGÍA DE LA INVESTIGACIÓN CIENTIFICA,PRESENCIAL,Ciencias Sociales,SIN_CLASIFICAR,
ITAPUA,MUSICA,PRESENCIAL,Humanidades,SIN_CLASIFICAR,
ITAPUA,NIVEL INICIAL,PRESENCIAL,Ciencias Sociales,SIN_CLASIFICAR,
ITAPUA,PEDIATRIA,PRESENCIAL,Ciencias Medicas y Salud,SIN_CLASIFICAR,
ITAPUA,PISCICULTURA,PRESENCIAL,Ciencias Agricolas,SIN_CLASIFICAR,
ITAPUA,PLANIFICACION ESTRATEGICA PARA EL DESARROLLO NACIONAL,PRESENCIAL,Ciencias Sociales,SIN_CLASIFICAR,
ITAPUA,"POBLACIÓN, TERRITORIO Y DESARROLLO SUSTENTABLE",PRESENCIAL,,SIN_CLASIFICAR,
ITAPUA,POLITICAS PUBLICAS Y GENERO,PRESENCIAL,,SIN_CLASIFICAR,
ITAPUA,PREPARACION FISICA Y ENTRENADOR DE FUTBOL DE CAMPO,PRESENCIAL,Ciencias Naturales,SIN_CLASIFICAR,
ITAPUA,PREVENCIÓN Y SEGURIDAD,PRESENCIAL,,SIN_CLASIFICAR,
ITAPUA,PREVENCIÓN Y SEGURIDAD,PRESENCIAL,,SIN_CLASIFICAR,
ITAPUA,PREVENCIÓN Y SEGURIDAD,PRESENCIAL,,SIN_CLASIFICAR,
ITAPUA,PRODUCCION INTEGRADA DE YERBA MATE,PRESENCIAL,Ciencias Agricolas,SIN_CLASIFICAR,
ITAPUA,PROTECCION DE CULTIVOS,PRESENCIAL,Ciencias Agricolas,SIN_CLASIFICAR,
ITAPUA,RELACIONES INTERNACIONALES,PRESENCIAL,,SIN_CLASIFICAR,
ITAPUA,SERVICIOS SOCIALES,PRESENCIAL,,SIN_CLASIFICAR,
ITAPUA,SERVICIOS SOCIALES,PRESENCIAL,,SIN_CLASIFICAR,
ITAPUA,SERVICIOS SOCIALES,PRESENCIAL,,SIN_CLASIFICAR,
ITAPUA,SERVICIOS SOCIALES,PRESENCIAL,,SIN_CLASIFICAR,
ITAPUA,SUPERMERCANTISMO Y GRANDES TIENDAS,PRESENCIAL,,SIN_CLASIFICAR,
ITAPUA,TALLER DE GUARANI,PRESENCIAL,,SIN_CLASIFICAR,
ITAPUA,TECNICATURA EN PERIODISMO DEPORTIVO,PRESENCIAL,,SIN_CLASIFICAR,
ITAPUA,TRABAJO SOCIAL,PRESENCIAL,Ciencias Medicas y Salud,SIN_CLASIFICAR,
ITAPUA,TRABAJO SOCIAL,PRESENCIAL,Ciencias Medicas y Salud,SIN_CLASIFICAR,
ITAPUA,TRABAJO SOCIAL,PRESENCIAL,Ciencias Medicas y Salud,SIN_CLASIFICAR,
ITAPUA,TRABAJO SOCIAL,PRESENCIAL,Ciencias Medicas y Salud,SIN_CLASIFICAR,
ITAPUA,TRADUCCION CASTELLANO - INGLES E INGLES - CASTELLANO,PRESENCIAL,,SIN_CLASIFICAR,
ITAPUA,Taller de protección integral a la mujer contra toda forma de violencia,PRESENCIAL,,SIN_CLASIFICAR,
ITAPUA,Taller de protección integral a la mujer contra toda forma de violencia,PRESENCIAL,,SIN_CLASIFICAR,
ITAPUA,Taller de protección integral a la mujer contra toda forma de violencia,PRESENCIAL,,SIN_CLASIFICAR,
ITAPUA,Taller de protección integral a la mujer contra toda forma de violencia,PRESENCIAL,,SIN_CLASIFICAR,
ITAPUA,Taller de protección integral a la mujer contra toda forma de violencia,PRESENCIAL,,SIN_CLASIFICAR,
ITAPUA,USO DEL GUARANI COMO LENGUA OFICIAL,PRESENCIAL,Humanidades,SIN_CLASIFICAR,
MISIONES,APRENDIZAJE A LO LARGO DE TODA LA VIDA,PRESENCIAL,,SIN_CLASIFICAR,
MISIONES,ASISTENCIA SOCIAL,PRESENCIAL,Ciencias Medicas y Salud,SIN_CLASIFICAR,
MISIONES,"CAPACITACIÓN ""EL ARTE DEL ENSEÑAR, UNA MANERA DE INNOVAR""",PRESENCIAL,Humanidades,SIN_CLASIFICAR,
MISIONES,"CAPACITACIÓN ""INNOVACIÓN EN LA ENSEÑANZA DE LA MATEMÁTICA EN EL 1° Y 2° CICLO DE LA EEB""",PRESENCIAL,Ciencias Naturales,SIN_CLASIFICAR,
MISIONES,"CAPACITACIÓN ""INNOVACIÓN EN LA ENSEÑANZA DE LA MATEMÁTICA Y LENGUAJE EN EL 1° Y 2° CICLO DE LA EEB""",PRESENCIAL,Ciencias Naturales,SIN_CLASIFICAR,
MISIONES,"CAPACITACIÓN ""LEO, PIENSO Y APRENDO (LPA)""",PRESENCIAL,,SIN_CLASIFICAR,
MISIONES,"CAPACITACIÓN ""LEO, PIENSO Y APRENDO (LPA)""",PRESENCIAL,,SIN_CLASIFICAR,
MISIONES,"CAPACITACIÓN ""LEO, PIENSO Y APRENDO (LPA)""",PRESENCIAL,,SIN_CLASIFICAR,
MISIONES,"CAPACITACIÓN ""LEO, PIENSO, ESCRIBO Y APRENDO (LPEA)""",PRESENCIAL,,SIN_CLASIFICAR,
MISIONES,"CAPACITACIÓN ""LEO, PIENSO, ESCRIBO Y APRENDO (LPEA)""",PRESENCIAL,,SIN_CLASIFICAR,
MISIONES,"CAPACITACIÓN ""LEO, PIENSO, ESCRIBO Y APRENDO (LPEA)""",PRESENCIAL,,SIN_CLASIFICAR,
MISIONES,"CAPACITACIÓN ""MATEMÁTICAS PARAGUAY (MAPARA)""",PRESENCIAL,Ciencias Naturales,SIN_CLASIFICAR,
MISIONES,"CAPACITACIÓN ""MATEMÁTICAS PARAGUAY (MAPARA)""",PRESENCIAL,Ciencias Naturales,SIN_CLASIFICAR,
MISIONES,"CAPACITACIÓN ""MATEMÁTICAS PARAGUAY (MAPARA)""",PRESENCIAL,Ciencias Naturales,SIN_CLASIFICAR,
MISIONES,"CAPACITACIÓN DESPERTAR FOR FAMILIA ""FORMANDO COMUNIDAD DE LECTORES"" - AÑO 2019",PRESENCIAL,,SIN_CLASIFICAR,
MISIONES,CIENCIAS DE LA COMUNICACION,PRESENCIAL,Ciencias Sociales,SIN_CLASIFICAR,
MISIONES,CIENCIAS DE LA COMUNICACION,PRESENCIAL,Ciencias Sociales,SIN_CLASIFICAR,
MISIONES,"CURSO ""ACTUALIZACIÓN EN LAS ESTRATEGIAS METODOLÓGICAS EN EL ÁREA DE COMUNICACIÓN""",PRESENCIAL,Ciencias Sociales,SIN_CLASIFICAR,
MISIONES,DESARROLLO SOCIAL,PRESENCIAL,,SIN_CLASIFICAR,
MISIONES,Despertar el interés por la lectura y escritura - Año 2019,PRESENCIAL,,SIN_CLASIFICAR,
MISIONES,ENTRENAMIENTO DEPORTIVO,PRESENCIAL,,SIN_CLASIFICAR,
MISIONES,GESTION DE DESARROLLO SOCIAL,PRESENCIAL,,SIN_CLASIFICAR,
MISIONES,GESTION DE DESARROLLO SOCIAL,PRESENCIAL,,SIN_CLASIFICAR,
MISIONES,LENGUA INGLESA,PRESENCIAL,,SIN_CLASIFICAR,
MISIONES,MATEMATICA,PRESENCIAL,Ciencias Naturales,SIN_CLASIFICAR,
MISIONES,MATEMATICA,PRESENCIAL,Ciencias Naturales,SIN_CLASIFICAR,
MISIONES,PREPARACION FISICA DEPORTIVA,PRESENCIAL,Ciencias Naturales,SIN_CLASIFICAR,
MISIONES,RESTAURACIÓN,PRESENCIAL,,SIN_CLASIFICAR,
MISIONES,TECNICO SUPERIOR EN GESTION DEL DESARROLLO SOCIAL,PRESENCIAL,,SIN_CLASIFICAR,
MISIONES,TRABAJO SOCIAL,PRESENCIAL,Ciencias Medicas y Salud,SIN_CLASIFICAR,
MISIONES,TRABAJO SOCIAL,PRESENCIAL,Ciencias Medicas y Salud,SIN_CLASIFICAR,
MISIONES,TRABAJO SOCIAL,PRESENCIAL,Ciencias Medicas y Salud,SIN_CLASIFICAR,
MISIONES,TUTORÍA VIRTUAL,VIRTUAL,,SIN_CLASIFICAR,
MISIONES,Taller de protección integral a la mujer contra toda forma de violencia,PRESENCIAL,,SIN_CLASIFICAR,
MISIONES,Taller de protección integral a la mujer contra toda forma de violencia,PRESENCIAL,,SIN_CLASIFICAR,
MISIONES,Taller de protección integral a la mujer contra toda forma de violencia,PRESENCIAL,,SIN_CLASIFICAR,
NEEMBUCU,CIENCIAS FISICAS Y MATEMATICAS,PRESENCIAL,Ciencias Naturales,SIN_CLASIFICAR,
NEEMBUCU,CIENCIAS POLITICAS,SEMIPRESENCIAL_DISTANCIA,,SIN_CLASIFICAR,
NEEMBUCU,CIENCIAS POLITICAS,PRESENCIAL,,SIN_CLASIFICAR,
NEEMBUCU,COMUNICACION PARA EL DESARROLLO,PRESENCIAL,Ciencias Sociales,SIN_CLASIFICAR,
NEEMBUCU,"Capacitación ""Servicios de atención temprana""",PRESENCIAL,,SIN_CLASIFICAR,
NEEMBUCU,DIAGNOSTICO POR IMAGENES,PRESENCIAL,Ciencias Medicas y Salud,SIN_CLASIFICAR,
NEEMBUCU,ESTADISTICA,PRESENCIAL,Ciencias Naturales,SIN_CLASIFICAR,
NEEMBUCU,GESTION ORGANIZACIONAL,PRESENCIAL,Ciencias Sociales,SIN_CLASIFICAR,
NEEMBUCU,GESTIÓN DEL DESARROLLO SOSTENIBLE,PRESENCIAL,Ciencias Naturales,SIN_CLASIFICAR,
NEEMBUCU,HISTORIA DEL PARAGUAY CON ORIENTACION A LA INVESTIGACION,PRESENCIAL,Humanidades,SIN_CLASIFICAR,
NEEMBUCU,MATEMATICA,PRESENCIAL,Ciencias Naturales,SIN_CLASIFICAR,
NEEMBUCU,TRABAJO SOCIAL,PRESENCIAL,Ciencias Medicas y Salud,SIN_CLASIFICAR,
NEEMBUCU,Taller de protección integral a la mujer contra toda forma de violencia,PRESENCIAL,,SIN_CLASIFICAR,
NEEMBUCU,Taller de protección integral a la mujer contra toda forma de violencia,PRESENCIAL,,SIN_CLASIFICAR,
PARAGUARI,"CAPACITACIÓN ""ABRACEMOS LA INCLUSIÓN""",PRESENCIAL,,SIN_CLASIFICAR,
PARAGUARI,"CAPACITACIÓN ""DESCUBRO, HAGO Y APRENDO AÑO II""",PRESENCIAL,,SIN_CLASIFICAR,
PARAGUARI,"CAPACITACIÓN DESPERTAR FOR FAMILIA ""FORMANDO COMUNIDAD DE LECTORES"" - AÑO 2019",PRESENCIAL,,SIN_CLASIFICAR,
PARAGUARI,"CAPACITACIÓN DESPERTAR POR FAMILIA ""FORMANDO COMUNIDAD DE LECTORES"" AÑO 2020",PRESENCIAL,,SIN_CLASIFICAR,
PARAGUARI,Despertar el interés por la lectura y escritura - Año 2019,PRESENCIAL,,SIN_CLASIFICAR,
PARAGUARI,FUTBOL DE CAMPO,PRESENCIAL,,SIN_CLASIFICAR,
PARAGUARI,GESTION PUBLICA,PRESENCIAL,Ciencias Sociales,SIN_CLASIFICAR,
PARAGUARI,GESTION PUBLICA MUNICIPAL PARTICIPATIVA,PRESENCIAL,Ciencias Sociales,SIN_CLASIFICAR,
PARAGUARI,MATEMATICAS,PRESENCIAL,Ciencias Naturales,SIN_CLASIFICAR,
PARAGUARI,PERIODISMO,PRESENCIAL,,SIN_CLASIFICAR,
PARAGUARI,PERIODISMO,PRESENCIAL,,SIN_CLASIFICAR,
PARAGUARI,PERIODISMO,PRESENCIAL,,SIN_CLASIFICAR,
PARAGUARI,PREPARACION FISICA DEPORTIVA,PRESENCIAL,Ciencias Naturales,SIN_CLASIFICAR,
PARAGUARI,PRODUCCION Y GESTION RURAL,PRESENCIAL,,SIN_CLASIFICAR,
PARAGUARI,PRODUCCION Y GESTION RURAL,PRESENCIAL,,SIN_CLASIFICAR,
PARAGUARI,TRABAJO SOCIAL,PRESENCIAL,Ciencias Medicas y Salud,SIN_CLASIFICAR,
PARAGUARI,Taller de protección integral a la mujer contra toda forma de violencia,PRESENCIAL,,SIN_CLASIFICAR,
PARAGUARI,Taller de protección integral a la mujer contra toda forma de violencia,PRESENCIAL,,SIN_CLASIFICAR,
PARAGUARI,USO DE LA PLATAFORMA MOODLE,VIRTUAL,Ciencias Sociales,SIN_CLASIFICAR,
PRESIDENTE HAYES,Abriendo caminos a través de la lectura - Año 3,PRESENCIAL,,SIN_CLASIFICAR,
PRESIDENTE HAYES,"CAPACITACIÓN ""ESTRATEGIA LEO, PIENSO Y APRENDO (LPEA)""",PRESENCIAL,,SIN_CLASIFICAR,
PRESIDENTE HAYES,"CAPACITACIÓN DESPERTAR FOR FAMILIA ""FORMANDO COMUNIDAD DE LECTORES"" - AÑO 2019",PRESENCIAL,,SIN_CLASIFICAR,
PRESIDENTE HAYES,Despertar el interés por la lectura y escritura - Año 2019,PRESENCIAL,,SIN_CLASIFICAR,
PRESIDENTE HAYES,La práctica hace al maestro: impulsando un cambio significativo desde el aula,PRESENCIAL,,SIN_CLASIFICAR,
PRESIDENTE HAYES,Taller de protección integral a la mujer contra toda forma de violencia,PRESENCIAL,,SIN_CLASIFICAR,
SAN PEDRO,FUTBOL DE CAMPO,PRESENCIAL,,SIN_CLASIFICAR,
SAN PEDRO,FUTBOL DE CAMPO,PRESENCIAL,,SIN_CLASIFICAR,
SAN PEDRO,FUTBOL DE CAMPO,PRESENCIAL,,SIN_CLASIFICAR,
SAN PEDRO,FUTBOL DE CAMPO,PRESENCIAL,,SIN_CLASIFICAR,
SAN PEDRO,FUTBOL DE CAMPO,PRESENCIAL,,SIN_CLASIFICAR,
SAN PEDRO,GESTION TRIBUTARIA,PRESENCIAL,Ciencias Sociales,SIN_CLASIFICAR,
SAN PEDRO,INGLÉS,PRESENCIAL,,SIN_CLASIFICAR,
SAN PEDRO,MATEMATICA,PRESENCIAL,Ciencias Naturales,SIN_CLASIFICAR,
SAN PEDRO,MATEMATICA,PRESENCIAL,Ciencias Naturales,SIN_CLASIFICAR,
SAN PEDRO,MATEMATICA,PRESENCIAL,Ciencias Naturales,SIN_CLASIFICAR,
SAN PEDRO,MATEMATICA,PRESENCIAL,Ciencias Naturales,SIN_CLASIFICAR,
SAN PEDRO,MATEMATICA,PRESENCIAL,Ciencias Naturales,SIN_CLASIFICAR,
SAN PEDRO,MATEMATICA,PRESENCIAL,Ciencias Naturales,SIN_CLASIFICAR,
SAN PEDRO,MATEMATICA,PRESENCIAL,Ciencias Naturales,SIN_CLASIFICAR,
SAN PEDRO,TRABAJO SOCIAL,PRESENCIAL,Ciencias Medicas y Salud,SIN_CLASIFICAR,
SAN PEDRO,Taller de protección integral a la mujer contra toda forma de violencia,PRESENCIAL,,SIN_CLASIFICAR,
SAN PEDRO,Taller de protección integral a la mujer contra toda forma de violencia,PRESENCIAL,,SIN_CLASIFICAR,
SAN PEDRO,Taller de protección integral a la mujer contra toda forma de violencia,PRESENCIAL,,SIN_CLASIFICAR,
SAN PEDRO,Taller de protección integral a la mujer contra toda forma de violencia,PRESENCIAL,,SIN_CLASIFICAR,
SAN PEDRO,Taller de protección integral a la mujer contra toda forma de violencia,PRESENCIAL,,SIN_CLASIFICAR,
